,Unnamed: 0,ZIPCODE,Total Annual Payroll,Population,Median Age,Household Income,Per Capita Income,Poverty Count,Poverty Rate,Whites Alone,Non Whites
0,0.0,10001,8717306,21966,34.7,81671,82166,3375,15.36465447,13943,8023
1,1.0,10002,617348,82191,39.8,33218,26227,23346,28.40456984,25545,56646
2,2.0,10003,6479129,57310,32.3,92540,74189,5916,10.32280579,44470,12840
3,3.0,10004,9308424,2807,33.1,129313,108786,250,8.906305664,2241,566
4,4.0,10005,6325335,6822,28.6,124670,102849,724,10.61272354,5077,1745
5,5.0,10006,2210783,2507,31.3,119274,101271,252,10.05185481,1759,748
6,6.0,10007,2440063,6525,34,216037,157713,144,2.206896552,4576,1949
7,7.0,10009,389801,62810,36.3,59929,43893,12567,20.00796052,37540,25270
8,8.0,10010,8554029,30670,35.1,97955,79491,4204,13.70720574,21820,8850
9,9.0,10011,4502863,52167,39.7,104238,110631,4379,8.394195564,40683,11484
10,10.0,10012,2186536,26145,34.1,86594,72914,2552,9.760948556,19691,6454
11,11.0,10013,6896775,26065,36.4,83725,90699,3223,12.36524074,14628,11437
12,12.0,10014,2728947,30597,36.7,108483,106068,1989,6.500637317,26891,3706
13,13.0,10016,8781787,51196,32.8,105324,87986,4689,9.158918666,38341,12855
14,14.0,10017,19801348,16129,37.2,100652,101239,1207,7.483414967,12359,3770
15,15.0,10018,10174317,7021,30.9,104635,75598,972,13.84418174,4125,2896
16,16.0,10019,17952778,38394,38.8,84424,84966,5013,13.05672761,27881,10513
17,17.0,10020,5505989,0,Info not available,Info not available,Info not available,0,Info not available,0,0
18,18.0,10021,4904606,40862,42.7,107907,120077,2763,6.761783564,36163,4699
19,19.0,10022,19709651,29618,45.3,109019,129778,1318,4.449996624,25263,4355
20,20.0,10023,2643590,61315,41.3,103534,99496,5316,8.669982875,50678,10637
21,21.0,10024,796379,59164,41.8,109956,97633,3950,6.676357244,47916,11248
22,22.0,10025,1029719,97390,38.2,68516,55843,16008,16.43700585,64006,33384
23,23.0,10026,84055,37871,33.6,43107,28674,10640,28.09537641,8837,29034
24,24.0,10027,2242627,62617,30.7,37872,27349,16581,26.48002938,17822,44795
25,25.0,10028,1165739,44295,40.3,104638,107679,2538,5.729766339,39452,4843
26,26.0,10029,1757880,77454,33.5,31888,25270,21062,27.1929145,27158,50296
27,27.0,10030,73792,28472,34,31925,23992,7954,27.93621804,4301,24171
28,28.0,10031,119632,59092,33,37655,23322,16139,27.31164963,16260,42832
29,29.0,10032,0,59374,34.5,34568,19005,16743,28.19921178,16931,42443
30,30.0,10033,234589,58710,35.9,41556,23403,14274,24.31272356,24130,34580
31,31.0,10034,116870,41510,36.5,41171,22909,10697,25.76969405,15031,26479
32,32.0,10035,417421,33488,34.2,24533,19541,13486,40.2711419,7069,26419
33,33.0,10036,18574641,23132,38.2,66599,68213,3174,13.72125195,15333,7799
34,34.0,10037,175993,17377,37.6,37341,25535,4327,24.90073085,1459,15918
35,35.0,10038,3624536,20082,32.4,66074,58768,3679,18.31988846,10072,10010
36,36.0,10039,44159,26577,33.3,33595,19675,7664,28.83696429,3743,22834
37,37.0,10040,135195,44825,37,42721,23593,9909,22.10596765,17602,27223
38,38.0,10044,88073,12346,40.2,83066,43053,1218,9.865543496,6845,5501
39,39.0,10069,32932,5118,38.1,170630,123349,229,4.474404064,3828,1290
40,40.0,10103,1015022,0,Info not available,Info not available,Info not available,0,Info not available,0,0
41,41.0,10110,189100,2,Info not available,Info not available,Info not available,1,50,1,1
42,42.0,10111,693531,0,Info not available,Info not available,Info not available,0,Info not available,0,0
43,43.0,10112,950471,0,Info not available,Info not available,Info not available,0,Info not available,0,0
44,44.0,10115,121296,0,Info not available,Info not available,Info not available,0,Info not available,0,0
45,45.0,10119,811810,0,Info not available,Info not available,Info not available,0,Info not available,0,0
46,46.0,10128,728160,60121,38.8,96296,89300,4560,7.58470418,49632,10489
47,47.0,10152,596873,0,Info not available,Info not available,Info not available,0,Info not available,0,0
48,48.0,10153,1391338,0,Info not available,Info not available,Info not available,0,Info not available,0,0
49,49.0,10154,1110751,0,Info not available,Info not available,Info not available,0,Info not available,0,0
50,50.0,10162,5922,1327,39.7,168667,106304,0,0,1213,114
51,51.0,10165,325479,0,Info not available,Info not available,Info not available,0,Info not available,0,0
52,52.0,10167,1208179,0,Info not available,Info not available,Info not available,0,Info not available,0,0
53,53.0,10168,300319,0,Info not available,Info not available,Info not available,0,Info not available,0,0
54,54.0,10169,499416,0,Info not available,Info not available,Info not available,0,Info not available,0,0
55,55.0,10170,507039,0,Info not available,Info not available,Info not available,0,Info not available,0,0
56,56.0,10171,803349,0,Info not available,Info not available,Info not available,0,Info not available,0,0
57,57.0,10172,1133770,0,Info not available,Info not available,Info not available,0,Info not available,0,0
58,58.0,10173,226554,0,Info not available,Info not available,Info not available,0,Info not available,0,0
59,59.0,10174,371270,0,Info not available,Info not available,Info not available,0,Info not available,0,0
60,60.0,10177,413653,0,Info not available,Info not available,Info not available,0,Info not available,0,0
61,61.0,10199,0,0,Info not available,Info not available,Info not available,0,Info not available,0,0
62,62.0,10271,526746,0,Info not available,Info not available,Info not available,0,Info not available,0,0
63,63.0,10278,0,0,Info not available,Info not available,Info not available,0,Info not available,0,0
64,64.0,10279,145283,0,Info not available,Info not available,Info not available,0,Info not available,0,0
65,65.0,10280,45198,8685,37.9,129574,82005,428,4.928036845,6045,2640
66,66.0,10282,184307,6217,33.9,230952,121627,132,2.123210552,4259,1958
67,67.0,10301,241362,38885,34.7,56848,27952,7490,19.26192619,23551,15334
68,68.0,10302,205721,16811,34,56841,24198,4278,25.44762358,10299,6512
69,69.0,10303,256723,24537,31.1,51537,22077,5356,21.82825936,9751,14786
70,70.0,10304,191539,43084,34.8,53168,27103,8444,19.59892303,20475,22609
71,71.0,10305,708901,42006,39.9,70758,30172,4464,10.62705328,32502,9504
72,72.0,10306,301537,55902,41.4,75807,34834,3524,6.303888949,49154,6748
73,73.0,10307,55257,14829,37.4,86457,36028,666,4.491199676,13912,917
74,74.0,10308,59199,28939,42.6,88075,38275,1517,5.242060887,27671,1268
75,75.0,10309,328894,32646,38.5,86297,35719,2209,6.766525761,29873,2773
76,76.0,10310,301962,25227,34.1,61925,27923,5477,21.71086534,14598,10629
77,77.0,10311,0,0,Info not available,Info not available,Info not available,0,Info not available,0,0
78,78.0,10312,180409,60081,41.2,85324,36128,4077,6.785839117,55772,4309
79,79.0,10314,759811,87276,41,77242,32807,7454,8.54072139,67625,19651
80,80.0,10451,968999,47069,31.2,26754,14629,17343,36.84590707,8068,39001
81,81.0,10452,163275,74931,30.4,25979,13019,27804,37.10613765,11477,63454
82,82.0,10453,169694,79793,30.7,25470,12616,32478,40.70281854,9090,70703
83,83.0,10454,308047,38089,29.3,20232,11561,17503,45.95289979,12422,25667
84,84.0,10455,314802,38576,28.7,22609,12231,14725,38.17140191,6959,31617
85,85.0,10456,324429,87723,30.3,23452,12486,34727,39.58710942,9083,78640
86,86.0,10457,591888,70282,29,24949,12952,27579,39.24048832,10368,59914
87,87.0,10458,480373,74859,29.2,24618,14488,27406,36.61016043,15602,59257
88,88.0,10459,133864,47977,28.6,24461,12436,19146,39.90662192,6338,41639
89,89.0,10460,203482,56084,30,22307,12828,22608,40.31096213,7381,48703
90,90.0,10461,890633,51730,38.2,52347,26630,7727,14.93717379,26179,25551
91,91.0,10462,544071,77369,35.3,45864,21836,15758,20.36733058,17838,59531
92,92.0,10463,360791,70420,38.8,54258,30875,11878,16.86736723,31256,39164
93,93.0,10464,36567,4248,48.7,70078,39454,266,6.261770245,3431,817
94,94.0,10465,488768,44862,40.1,65450,29953,6171,13.75551692,28667,16195
95,95.0,10466,217359,70609,35.9,44012,19925,14429,20.43507202,5393,65216
96,96.0,10467,0,98754,32.4,36048,18137,26803,27.14117909,18431,80323
97,97.0,10468,263776,71822,32,33776,15537,22075,30.73570772,9472,62350
98,98.0,10469,273820,71843,36.2,57776,22960,9246,12.86972983,14154,57689
99,99.0,10470,92425,14850,36.2,58600,28734,1696,11.42087542,6987,7863
100,100.0,10471,332034,22030,43.6,71798,43630,1726,7.834770767,15985,6045
101,101.0,10472,122562,68898,30.4,30288,14652,24273,35.2303405,10306,58592
102,102.0,10473,226691,58660,36.1,35866,19561,15513,26.44561882,13158,45502
103,103.0,10474,747925,12519,29.1,25676,11410,4803,38.36568416,3882,8637
104,104.0,10475,342618,43231,46.5,43629,25870,4850,11.21880132,7762,35469
105,105.0,11004,127655,14500,40.9,81709,35334,986,6.8,6502,7998
106,106.0,11005,12898,2055,81.1,64300,76670,65,3.163017032,2040,15
107,107.0,11101,4458380,25537,34,47142,30040,4952,19.3914712,12895,12642
108,108.0,11102,275705,34529,32.3,49924,28108,5926,17.16238524,19500,15029
109,109.0,11103,263420,37745,34.9,55129,31345,5383,14.26149159,29151,8594
110,110.0,11104,253302,25729,37.3,56059,31953,3031,11.78048117,16051,9678
111,111.0,11105,574552,36190,35.3,57525,33537,4899,13.53688864,28393,7797
112,112.0,11106,400600,36869,36.5,48720,30809,8413,22.81862812,22414,14455
113,113.0,11109,10862,3524,31.6,125871,90065,223,6.328036322,2572,952
114,114.0,11201,2822830,54668,35.2,95369,68814,7470,13.66430087,36282,18386
115,115.0,11203,951615,79572,38.3,48400,22227,12330,15.49540039,3330,76242
116,116.0,11204,335711,80963,33.6,45472,20161,17137,21.16645875,54758,26205
117,117.0,11205,549410,43002,29.3,44688,26114,14835,34.49839542,20397,22605
118,118.0,11206,579255,81525,28.5,28559,15618,30086,36.90401717,36402,45123
119,119.0,11207,415337,92491,30.7,32945,15951,29752,32.16745413,13237,79254
120,120.0,11208,338143,93107,30.5,35079,14870,31384,33.70745486,30749,62358
121,121.0,11209,581674,72623,39,58261,35712,10558,14.53809399,56006,16617
122,122.0,11210,294558,65302,34.9,55429,25079,9449,14.46969465,21815,43487
123,123.0,11211,936134,93271,29.7,46848,27752,30997,33.2332665,76995,16276
124,124.0,11212,434784,84520,31.9,28348,16535,28856,34.14103171,3798,80722
125,125.0,11213,231269,62059,32.8,34794,18522,17481,28.16835592,12476,49583
126,126.0,11214,385761,83156,40,43398,22683,14823,17.82553273,47418,35738
127,127.0,11215,899230,68891,34.5,95654,56340,6165,8.948919307,51037,17854
128,128.0,11216,129143,53783,34.8,43996,27218,12297,22.86410204,8506,45277
129,129.0,11217,619524,38787,34.9,81862,51846,5539,14.28055792,21270,17517
130,130.0,11218,387069,74758,32.7,52445,24081,17177,22.97680516,42734,32024
131,131.0,11219,1277698,96971,28.1,34316,14567,33901,34.95993648,63152,33819
132,132.0,11220,1020497,103089,32.4,37580,16263,31719,30.76855921,32593,70496
133,133.0,11221,137786,81321,31.6,39178,18774,22161,27.25126351,24197,57124
134,134.0,11222,724674,34186,33.7,63739,39515,4610,13.48505236,28702,5484
135,135.0,11223,467952,74606,38.7,41328,22514,12537,16.80427848,49576,25030
136,136.0,11224,196315,42535,47.3,27481,20666,12174,28.62113554,24893,17642
137,137.0,11225,111462,59182,33.8,42922,22519,13137,22.19762766,10515,48667
138,138.0,11226,250441,98325,33.8,40734,20721,20891,21.24688533,9400,88925
139,139.0,11228,174467,43929,40.2,61893,29885,4527,10.30526531,30147,13782
140,140.0,11229,462303,81030,40.8,51725,26575,12220,15.08083426,58609,22421
141,141.0,11230,596622,84219,34.7,42170,23051,18096,21.48683789,60304,23915
142,142.0,11231,426238,34137,35.3,78174,48757,5547,16.24923104,22018,12119
143,143.0,11232,611670,28824,31.6,43595,19172,7268,25.21509853,11563,17261
144,144.0,11233,125294,68599,33.4,34492,19859,21467,31.29345909,2999,65600
145,145.0,11234,682477,94259,38.4,68431,29482,8954,9.499358151,43550,50709
146,146.0,11235,632948,74630,44.5,41639,28133,15281,20.47568002,60641,13989
147,147.0,11236,408149,97217,37.1,61061,24394,12756,13.12116194,6354,90863
148,148.0,11237,451080,55478,29.1,40372,17134,18127,32.6742132,22386,33092
149,149.0,11238,280763,51895,34.5,65315,40055,7630,14.7027652,21480,30415
150,150.0,11239,94286,12879,43.4,26275,18494,4039,31.36113052,4541,8338
151,151.0,11351,0,0,Info not available,Info not available,Info not available,0,Info not available,0,0
152,152.0,11354,1023112,56258,43.2,46566,23925,10308,18.32272743,14911,41347
153,153.0,11355,850787,83221,40.9,41884,20505,17158,20.61739224,13802,69419
154,154.0,11356,470178,23037,37.2,58465,25815,2322,10.07943743,9176,13861
155,155.0,11357,292786,40872,43.9,71978,34218,1785,4.367293012,31264,9608
156,156.0,11358,190981,38317,41.9,65722,30403,3993,10.42096198,17845,20472
157,157.0,11359,5306,0,Info not available,Info not available,Info not available,0,Info not available,0,0
158,158.0,11360,112043,19865,48.2,76183,42810,1165,5.864585955,12987,6878
159,159.0,11361,353314,30597,40.3,75335,32438,2752,8.994345851,16364,14233
160,160.0,11362,101536,17865,45,82332,38441,1477,8.267562273,9627,8238
161,161.0,11363,34100,7354,43.1,90799,44661,295,4.011422355,4190,3164
162,162.0,11364,81501,34751,42.9,72909,33820,3106,8.937872291,15421,19330
163,163.0,11365,310908,41924,41.7,55492,26786,6346,15.13691442,15768,26156
164,164.0,11366,100649,13499,41.4,71350,30027,1804,13.36395289,6726,6773
165,165.0,11367,135740,41022,34.9,56608,26475,6248,15.23085174,23192,17830
166,166.0,11368,496933,107962,31.5,45964,16191,25950,24.03623497,49195,58767
167,167.0,11369,185126,40761,33.5,53617,20000,6894,16.91322588,9803,30958
168,168.0,11370,340743,37244,34.9,52500,17873,4508,12.10396305,13392,23852
169,169.0,11371,0,0,Info not available,Info not available,Info not available,0,Info not available,0,0
170,170.0,11372,281349,63320,38.2,48683,24955,12764,20.15792798,38957,24363
171,171.0,11373,638280,99159,36.2,47667,21084,20144,20.31484787,39477,59682
172,172.0,11374,385146,42297,40.6,52532,34268,5193,12.27746649,27472,14825
173,173.0,11375,793188,69757,42.1,72000,44278,5737,8.224264232,45420,24337
174,174.0,11377,656272,86316,35.8,49886,24058,13257,15.35868205,40489,45827
175,175.0,11378,815333,32268,38.9,57474,28290,3414,10.58014132,25357,6911
176,176.0,11379,153161,35822,43.4,69843,33111,2881,8.042543688,30905,4917
177,177.0,11385,569986,99379,35,50799,23272,17921,18.03298484,81293,18086
178,178.0,11411,34530,18722,44.3,83099,32156,824,4.401239184,608,18114
179,179.0,11412,46424,37176,39.1,70672,25315,3303,8.884764364,858,36318
180,180.0,11413,201910,40385,39,78667,28502,2853,7.064504148,1258,39127
181,181.0,11414,91356,28094,45.1,66790,34143,2170,7.724069196,23657,4437
182,182.0,11415,142028,19145,36.9,63549,35653,1678,8.76469052,11518,7627
183,183.0,11416,340229,25950,33.4,56724,20726,3819,14.71676301,6844,19106
184,184.0,11417,109585,31004,35.8,62086,24299,4475,14.43362147,12408,18596
185,185.0,11418,551009,36828,34.1,60691,22641,5076,13.7829912,14172,22656
186,186.0,11419,90374,49193,36.4,56735,19296,8215,16.69953042,5849,43344
187,187.0,11420,129056,48449,36.5,59832,22841,4759,9.822700159,8051,40398
188,188.0,11421,63200,42588,34.2,60897,23016,6634,15.57715788,19059,23529
189,189.0,11422,86679,33280,35,84824,29440,2159,6.487379808,2491,30789
190,190.0,11423,103772,31625,39.8,60892,26690,3469,10.96916996,5094,26531
191,191.0,11424,1183,0,Info not available,Info not available,Info not available,0,Info not available,0,0
192,192.0,11425,135,0,Info not available,Info not available,Info not available,0,Info not available,0,0
193,193.0,11426,57303,19575,39.8,82301,31501,1616,8.255427842,9424,10151
194,194.0,11427,0,24877,39.9,70108,28716,2598,10.44338144,6775,18102
195,195.0,11428,68384,20307,39.4,69330,24002,1966,9.681390653,4389,15918
196,196.0,11429,99723,28311,39.9,68890,24113,3541,12.50750592,1791,26520
197,197.0,11430,1622171,140,42.2,Info not available,8092,116,82.85714286,18,122
198,198.0,11432,549826,61687,36,50450,21897,12924,20.95092969,14033,47654
199,199.0,11433,171202,32821,32.4,42887,19142,7891,24.04253374,1346,31475
200,200.0,11434,472236,62809,36.4,59229,24121,7325,11.66234138,1895,60914
201,201.0,11435,286138,53542,35.5,53041,23252,9463,17.67397557,12597,40945
202,202.0,11436,26568,17636,36.6,62114,23264,2133,12.09457927,932,16704
203,203.0,11451,1339,0,Info not available,Info not available,Info not available,0,Info not available,0,0
204,204.0,11691,318880,61091,31.2,39409,18796,15282,25.01514135,22411,38680
205,205.0,11692,49564,17674,35.4,43354,21603,4116,23.28844631,4594,13080
206,206.0,11693,36078,11335,39.1,50570,25149,2431,21.44684605,6357,4978
207,207.0,11694,76652,21725,43.7,76944,36601,1439,6.623705409,18505,3220
208,208.0,11697,0,4223,50.3,87636,41282,93,2.202225906,4175,48
209,Info not available,ZIPCODE,Total Annual Payroll,Population,Median Age,Household Income,Per Capita Income,Poverty Count,Poverty Rate,Whites Alone,Non Whites
210,0.0,10001,9003675,23332,35.8,85168,86347,3922,16.80953197,14814,8518
211,1.0,10002,723242,78096,41.1,35594,29666,21559,27.60576726,24591,53505
212,2.0,10003,6918342,56767,32.2,100791,85199,4655,8.200186728,44001,12766
213,3.0,10004,5638373,3044,33.9,123056,95707,147,4.829172142,2201,843
214,4.0,10005,6595876,8710,29.5,130116,99511,1052,12.07807118,6425,2285
215,5.0,10006,2322344,3277,31,125364,100788,221,6.743973146,2162,1115
216,6.0,10007,3340212,6740,35.9,234958,166343,200,2.96735905,4790,1950
217,7.0,10009,461216,59799,36.3,60788,46499,13469,22.52378802,36219,23580
218,8.0,10010,8190046,32854,35,110142,83240,3587,10.91800085,24356,8498
219,9.0,10011,5677603,50404,39.9,114134,113379,4806,9.534957543,40021,10383
220,10.0,10012,2765485,24536,34.1,101815,79481,2421,9.867134007,18565,5971
221,11.0,10013,8251251,28211,36.9,104167,108003,2805,9.942930063,15813,12398
222,12.0,10014,3085067,31464,36.6,119026,115888,1874,5.956013221,27978,3486
223,13.0,10016,9941135,50444,33.3,102703,87451,5095,10.10030925,36626,13818
224,14.0,10017,20206253,16533,37.7,106795,103346,995,6.018266497,11965,4568
225,15.0,10018,11358817,9684,31.2,105479,81964,1492,15.40685667,5724,3960
226,16.0,10019,21082378,39505,39.2,94477,90151,4658,11.79091254,27568,11937
227,17.0,10020,4589084,0,-666666666,-666666666,-666666666,0,Info not available,0,0
228,18.0,10021,5807071,45261,38.4,115681,116440,3045,6.727646318,37409,7852
229,19.0,10022,23065864,30262,45.9,123693,133504,1454,4.804705571,25795,4467
230,20.0,10023,2889492,60307,42.5,115080,111473,4419,7.327507586,49506,10801
231,21.0,10024,947895,58516,43,118594,106735,4440,7.58766833,47632,10884
232,22.0,10025,1009275,94717,40.6,80025,63711,14515,15.32459854,62509,32208
233,23.0,10026,114133,38540,34.4,52082,36542,10994,28.52620654,10025,28515
234,24.0,10027,2683670,64120,30.6,42754,28396,17374,27.09606987,19234,44886
235,25.0,10028,920912,48205,39.6,111302,108183,2840,5.891505031,41499,6706
236,26.0,10029,2093073,79411,33.6,32500,27030,24025,30.25399504,27547,51864
237,27.0,10030,83392,30358,34.1,33720,24542,9351,30.8024244,4829,25529
238,28.0,10031,148153,60778,34.4,41848,24556,14753,24.27358584,17689,43089
239,29.0,10032,1224277,63189,34.2,40054,20843,16912,26.76415199,19928,43261
240,30.0,10033,207691,59353,35.4,46349,24421,14507,24.44189847,24531,34822
241,31.0,10034,144381,43951,35.7,45643,24538,11005,25.03924825,17431,26520
242,32.0,10035,478261,34187,35.9,26893,20743,13205,38.62579343,7486,26701
243,33.0,10036,20909385,25987,36.6,83812,77208,3233,12.4408358,16688,9299
244,34.0,10037,231498,20112,34.9,39463,26927,5813,28.9031424,2161,17951
245,35.0,10038,3630246,22300,34.6,82910,59706,3763,16.87443946,11212,11088
246,36.0,10039,45596,27471,32.3,32257,21880,8387,30.53037749,3260,24211
247,37.0,10040,143035,45033,37.7,45811,23744,9907,21.99942265,16353,28680
248,38.0,10044,30299,11731,39.5,86483,49076,1478,12.59909641,6234,5497
249,39.0,10069,33332,5231,34.1,155702,122444,474,9.06136494,3764,1467
250,40.0,10103,1373714,0,-666666666,-666666666,-666666666,0,Info not available,0,0
251,41.0,10110,268733,0,-666666666,-666666666,-666666666,0,Info not available,0,0
252,42.0,10111,666157,0,-666666666,-666666666,-666666666,0,Info not available,0,0
253,43.0,10112,1575353,0,-666666666,-666666666,-666666666,0,Info not available,0,0
254,44.0,10115,151254,0,-666666666,-666666666,-666666666,0,Info not available,0,0
255,45.0,10119,1081753,0,-666666666,-666666666,-666666666,0,Info not available,0,0
256,46.0,10128,909060,63006,38.9,103817,92067,4205,6.673967559,50826,12180
257,47.0,10152,705246,0,-666666666,-666666666,-666666666,0,Info not available,0,0
258,48.0,10153,1539510,0,-666666666,-666666666,-666666666,0,Info not available,0,0
259,49.0,10154,1329432,0,-666666666,-666666666,-666666666,0,Info not available,0,0
260,50.0,10162,6495,1253,41.3,178822,114279,0,0,1069,184
261,51.0,10165,360108,0,-666666666,-666666666,-666666666,0,Info not available,0,0
262,52.0,10167,1556972,0,-666666666,-666666666,-666666666,0,Info not available,0,0
263,53.0,10168,318146,0,-666666666,-666666666,-666666666,0,Info not available,0,0
264,54.0,10169,564784,0,-666666666,-666666666,-666666666,0,Info not available,0,0
265,55.0,10170,680653,0,-666666666,-666666666,-666666666,0,Info not available,0,0
266,56.0,10171,723371,0,-666666666,-666666666,-666666666,0,Info not available,0,0
267,57.0,10172,1351837,0,-666666666,-666666666,-666666666,0,Info not available,0,0
268,58.0,10173,377630,0,-666666666,-666666666,-666666666,0,Info not available,0,0
269,59.0,10174,527454,0,-666666666,-666666666,-666666666,0,Info not available,0,0
270,60.0,10177,573495,0,-666666666,-666666666,-666666666,0,Info not available,0,0
271,61.0,10199,874,0,-666666666,-666666666,-666666666,0,Info not available,0,0
272,62.0,10271,310784,0,-666666666,-666666666,-666666666,0,Info not available,0,0
273,63.0,10278,36555,0,-666666666,-666666666,-666666666,0,Info not available,0,0
274,64.0,10279,214548,0,-666666666,-666666666,-666666666,0,Info not available,0,0
275,65.0,10280,49296,9845,37.5,146875,101003,567,5.759268664,7584,2261
276,66.0,10282,0,5635,34.5,250001,132007,268,4.755989352,3986,1649
277,67.0,10301,271471,39519,36.9,55700,28233,8885,22.48285635,21218,18301
278,68.0,10302,232032,17758,33.6,55864,24433,4027,22.67710328,10741,7017
279,69.0,10303,321219,24562,32.5,55198,21991,6175,25.14046087,9863,14699
280,70.0,10304,210633,42054,36.5,53843,30064,8828,20.99205783,22216,19838
281,71.0,10305,820809,41533,39.6,74063,30422,4993,12.02176582,31588,9945
282,72.0,10306,345812,55031,42.3,78745,35191,4793,8.709636387,48996,6035
283,73.0,10307,54830,15275,38,77278,36505,1156,7.56792144,14322,953
284,74.0,10308,79489,30347,42.7,87493,35044,2084,6.867235641,28094,2253
285,75.0,10309,338636,33459,39.8,93248,38443,2990,8.936310111,29960,3499
286,76.0,10310,346052,24250,35.6,69201,29660,4389,18.09896907,14641,9609
287,77.0,10311,41747,0,-666666666,-666666666,-666666666,0,Info not available,0,0
288,78.0,10312,258524,60951,41.9,88567,37173,3985,6.538038752,55873,5078
289,79.0,10314,869649,88585,41.1,77761,34099,8225,9.284867641,67895,20690
290,80.0,10451,997834,48289,32.2,26419,17663,17377,35.98542111,5166,43123
291,81.0,10452,242857,75288,31,25771,14136,29418,39.07395601,8364,66924
292,82.0,10453,208154,80516,30.1,22914,12702,34516,42.86849819,8376,72140
293,83.0,10454,328832,38938,28.3,21553,12325,18060,46.38142688,6074,32864
294,84.0,10455,354356,42779,30.5,23962,12897,18082,42.26840272,3963,38816
295,85.0,10456,364927,92712,30,25868,13274,37123,40.04120286,7933,84779
296,86.0,10457,678370,74010,29.6,25967,13626,28318,38.26239697,8596,65414
297,87.0,10458,572396,81698,29.1,30339,15656,29446,36.04249798,15769,65929
298,88.0,10459,178279,47972,29.8,24805,13167,18154,37.84290836,5636,42336
299,89.0,10460,210272,60266,30.8,24086,13186,24747,41.06295424,8084,52182
300,90.0,10461,903154,50255,38.1,55332,28443,7278,14.48214108,23975,26280
301,91.0,10462,593057,78725,35.1,48315,23628,15589,19.80184185,17569,61156
302,92.0,10463,400793,71657,37.7,56568,31875,12278,17.13440418,30893,40764
303,93.0,10464,38448,4300,47.5,76917,40808,178,4.139534884,3262,1038
304,94.0,10465,487516,44950,40.5,73068,32177,5819,12.94549499,27291,17659
305,95.0,10466,287760,71645,35.9,44354,21252,14014,19.56033219,6235,65410
306,96.0,10467,2038995,103045,33.4,34964,17484,30353,29.45606289,20637,82408
307,97.0,10468,275274,75537,32,34988,16705,23568,31.20060368,10633,64904
308,98.0,10469,303834,71664,38.6,57124,23628,10244,14.29448538,13370,58294
309,99.0,10470,162187,14574,39.8,58839,29849,1795,12.31645396,6805,7769
310,100.0,10471,394072,21601,42.7,81594,44640,1987,9.198648211,15290,6311
311,101.0,10472,116317,68972,31.6,29934,14624,24401,35.37812446,12034,56938
312,102.0,10473,271689,61818,35.7,36686,19146,18220,29.4736161,21980,39838
313,103.0,10474,897462,12793,30,26901,12158,4955,38.73211913,1574,11219
314,104.0,10475,374852,44749,46.1,46340,25863,4648,10.38682429,7078,37671
315,105.0,11004,156065,14722,45.1,91226,37442,932,6.330661595,7286,7436
316,106.0,11005,12171,1926,80.5,63368,69855,41,2.128764278,1907,19
317,107.0,11101,4723439,26505,35.7,51964,39670,5478,20.66779853,12794,13711
318,108.0,11102,345048,33750,33.6,56674,33318,5972,17.69481481,19623,14127
319,109.0,11103,304210,38861,33.9,62775,35378,5449,14.0217699,27142,11719
320,110.0,11104,283043,26102,38.8,57155,34638,3675,14.07938089,17314,8788
321,111.0,11105,601860,37297,34.7,62841,36434,4097,10.9847977,27733,9564
322,112.0,11106,432532,39409,36,56442,33951,6903,17.51630338,21854,17555
323,113.0,11109,20866,4964,31.6,133070,88966,400,8.058017728,3179,1785
324,114.0,11201,2974770,60061,35.1,109472,71656,8400,13.98578112,38567,21494
325,115.0,11203,988986,75920,39.8,46971,23089,13481,17.75684932,3475,72445
326,116.0,11204,452848,79332,34.7,47135,21242,19393,24.44536883,48426,30906
327,117.0,11205,646834,44818,29.8,47437,27341,14562,32.4914097,21252,23566
328,118.0,11206,684363,86486,29.1,31549,19071,31300,36.19082857,39767,46719
329,119.0,11207,499519,93251,32.5,35849,18401,27671,29.67367642,12698,80553
330,120.0,11208,335247,95715,31.8,37640,17235,28329,29.59724181,24511,71204
331,121.0,11209,597793,67822,40,65181,39005,9702,14.30509274,51294,16528
332,122.0,11210,341999,68435,34.5,59520,26617,9709,14.18718492,20260,48175
333,123.0,11211,1146792,99964,30.4,59190,35470,28796,28.80637029,76935,23029
334,124.0,11212,538399,86469,33.2,28495,17064,29835,34.50369497,4882,81587
335,125.0,11213,275685,65434,33.3,37556,20401,17111,26.15001375,13526,51908
336,126.0,11214,449476,91728,39.3,52119,24952,15917,17.35238967,48182,43546
337,127.0,11215,1147000,69965,35.3,108178,64040,5623,8.036875581,52895,17070
338,128.0,11216,175656,55816,33.9,52239,32291,11550,20.69299126,13451,42365
339,129.0,11217,774450,38670,35.5,94970,61845,4767,12.32738557,22901,15769
340,130.0,11218,483390,74831,33.3,60821,27647,16928,22.62164076,42841,31990
341,131.0,11219,1505077,96287,27.9,36573,15183,34431,35.75872132,63410,32877
342,132.0,11220,1145019,101006,32.9,40576,17132,33832,33.4950399,26415,74591
343,133.0,11221,170010,84034,31.3,43361,22084,22363,26.61184759,23951,60083
344,134.0,11222,887335,35695,34.5,73391,43603,4396,12.31545034,29256,6439
345,135.0,11223,535765,79730,35.9,44647,23928,15942,19.99498307,50499,29231
346,136.0,11224,226898,43444,46.4,31371,23518,11449,26.35346653,25657,17787
347,137.0,11225,136142,60323,34.3,48597,27054,11773,19.51660229,13819,46504
348,138.0,11226,291779,101787,34.1,45031,23110,19156,18.8196921,12784,89003
349,139.0,11228,221949,46164,39.8,63641,30059,6028,13.05779395,27447,18717
350,140.0,11229,548788,82914,40.6,55187,27997,13357,16.10946282,56556,26358
351,141.0,11230,778241,88933,34.1,43344,25068,21333,23.98772109,61733,27200
352,142.0,11231,570437,36302,36.2,84223,56806,5381,14.82287477,24286,12016
353,143.0,11232,713975,29387,33,47785,22028,7501,25.52489196,10808,18579
354,144.0,11233,149193,72159,33,35686,21478,21394,29.64841531,4827,67332
355,145.0,11234,721837,95546,39.9,75362,32124,8471,8.865886589,40757,54789
356,146.0,11235,911985,78237,43.9,45578,29449,15970,20.41233687,60703,17534
357,147.0,11236,438330,100049,37.5,60885,25876,13951,13.94416736,5437,94612
358,148.0,11237,601896,53678,30,46351,20829,16454,30.65315399,28141,25537
359,149.0,11238,360927,53992,35.6,75757,45762,7416,13.7353682,22757,31235
360,150.0,11239,124886,12468,47.9,24610,18993,3846,30.84696824,3821,8647
361,151.0,11351,0,0,-666666666,-666666666,-666666666,0,Info not available,0,0
362,152.0,11354,1153369,58551,44.2,43660,23503,12228,20.88435723,12974,45577
363,153.0,11355,998352,82028,41.9,38451,19277,18777,22.89096406,10317,71711
364,154.0,11356,540333,24405,35.8,57849,24489,3079,12.61626716,8632,15773
365,155.0,11357,355027,39259,45.1,74255,35391,2137,5.443337833,28368,10891
366,156.0,11358,214481,37461,42.6,66173,31790,3696,9.866260911,16358,21103
367,157.0,11359,1277,0,-666666666,-666666666,-666666666,0,Info not available,0,0
368,158.0,11360,126316,19309,49.1,82982,44323,1213,6.282044642,12697,6612
369,159.0,11361,348062,29322,41,81846,35517,2279,7.772321124,14824,14498
370,160.0,11362,139126,18198,45.2,82827,38579,1297,7.12715683,9374,8824
371,161.0,11363,27320,7577,44.3,90443,42714,640,8.446614755,4584,2993
372,162.0,11364,103920,35068,44.7,70408,35358,2794,7.967377666,14614,20454
373,163.0,11365,353243,44617,41.5,62509,29287,6154,13.79294888,15988,28629
374,164.0,11366,132623,14042,40.5,78223,32890,1890,13.45962114,6552,7490
375,165.0,11367,168754,42663,35.4,57310,27085,5554,13.01830626,24409,18254
376,166.0,11368,595086,112982,31.6,45980,16220,24189,21.40960507,46903,66079
377,167.0,11369,253146,37823,35.9,51864,21036,6337,16.75435582,9284,28539
378,168.0,11370,330552,34445,37.2,53293,21605,4749,13.78719698,13677,20768
379,169.0,11371,583153,0,-666666666,-666666666,-666666666,0,Info not available,0,0
380,170.0,11372,333879,64109,39.3,52792,26735,10517,16.40487295,39641,24468
381,171.0,11373,765054,96616,37.6,45677,21017,19552,20.23681378,28730,67886
382,172.0,11374,487037,43158,43.9,55550,34187,6501,15.06325594,25900,17258
383,173.0,11375,910244,71159,41.6,72982,45616,6844,9.617897947,44992,26167
384,174.0,11377,708511,90883,37.3,51675,24382,13601,14.96539507,44454,46429
385,175.0,11378,998982,33270,38.3,61631,31093,3569,10.72738203,24882,8388
386,176.0,11379,179406,36082,43.3,75320,34291,3103,8.599855884,29305,6777
387,177.0,11385,614938,103372,35.3,60526,26235,14743,14.26208258,85096,18276
388,178.0,11411,48142,19300,44,81678,31490,696,3.606217617,438,18862
389,179.0,11412,52375,37802,39.3,71995,26554,3518,9.306385906,856,36946
390,180.0,11413,264057,42699,38.4,80758,29548,2971,6.958008384,1013,41686
391,181.0,11414,101299,28247,45.1,70490,35737,2998,10.61351648,22442,5805
392,182.0,11415,166667,19308,38,64055,37190,2330,12.06753677,11576,7732
393,183.0,11416,404168,27144,35,59092,20772,4518,16.64456233,7582,19562
394,184.0,11417,124099,31742,36.8,66978,24586,4792,15.09671728,12044,19698
395,185.0,11418,617748,39908,33.9,63079,22888,6534,16.37265711,15643,24265
396,186.0,11419,110254,51642,36.2,62014,21095,8196,15.87080283,6074,45568
397,187.0,11420,160457,50549,36.8,61484,22303,7017,13.88158025,8854,41695
398,188.0,11421,67476,43341,36.1,64544,24385,5545,12.79389031,20987,22354
399,189.0,11422,98802,33408,36.1,85436,29361,2576,7.710727969,2213,31195
400,190.0,11423,114966,31823,39.9,66070,26984,3138,9.860792509,4461,27362
401,191.0,11424,985,0,-666666666,-666666666,-666666666,0,Info not available,0,0
402,192.0,11425,142,0,-666666666,-666666666,-666666666,0,Info not available,0,0
403,193.0,11426,66912,19991,37.9,77487,29886,2123,10.6197789,8298,11693
404,194.0,11427,123027,22941,42,65494,31036,2112,9.206224663,6458,16483
405,195.0,11428,76762,19736,39.8,68675,23558,2058,10.42764491,4457,15279
406,196.0,11429,127707,26739,39.4,77037,25988,3201,11.97127791,1163,25576
407,197.0,11430,2016111,179,42.9,-666666666,6107,152,84.91620112,16,163
408,198.0,11432,626130,64686,35.2,52277,22656,11418,17.6514238,14659,50027
409,199.0,11433,179948,34703,33.6,45820,19682,6524,18.79952742,1480,33223
410,200.0,11434,533030,66279,36.6,57454,24044,7675,11.57983675,1839,64440
411,201.0,11435,335695,57627,35.8,55268,24100,10246,17.77986014,11556,46071
412,202.0,11436,33746,20136,35.7,66837,24118,2611,12.96682559,1463,18673
413,203.0,11451,1326,0,-666666666,-666666666,-666666666,0,Info not available,0,0
414,204.0,11691,367992,64946,31.9,41190,18914,14548,22.40014782,24927,40019
415,205.0,11692,60780,19403,35.2,42333,21298,4368,22.51198268,5028,14375
416,206.0,11693,49180,12021,40.6,53829,28079,1992,16.57100075,6911,5110
417,207.0,11694,83790,21219,46.1,79145,41019,1364,6.42820114,17345,3874
418,208.0,11697,16467,3928,47.5,100909,46604,168,4.276985743,3776,152
419,Info not available,ZIPCODE,Total Annual Payroll,Population,Median Age,Household Income,Per Capita Income,Poverty Count,Poverty Rate,Whites Alone,Non Whites
420,0.0,10001,8907912,22767,34.4,81445,77512,4125,18.11832916,13779,8988
421,1.0,10002,671500,79894,40.9,32966,26905,21803,27.28990913,24898,54996
422,2.0,10003,6887483,57068,32.2,97524,79088,4950,8.67386276,44052,13016
423,3.0,10004,11733524,3024,33,123409,98020,259,8.564814815,2341,683
424,4.0,10005,6761564,7570,28.8,121840,99633,778,10.27741083,5673,1897
425,5.0,10006,2300230,2950,31,121316,97226,245,8.305084746,2110,840
426,6.0,10007,2798122,6748,34.9,250001,173257,174,2.57854179,4532,2216
427,7.0,10009,411148,61806,36.2,61154,44714,12814,20.73261496,36949,24857
428,8.0,10010,7860140,30708,35.7,100763,81938,3859,12.56675785,22225,8483
429,9.0,10011,4164642,52941,39.6,104974,111064,4549,8.592584198,41997,10944
430,10.0,10012,2444313,24846,34.5,95577,77712,2470,9.941238026,18890,5956
431,11.0,10013,7492878,26937,37.1,97228,96781,3351,12.4401381,15173,11764
432,12.0,10014,2774296,31835,37,109557,107342,2089,6.561960107,28432,3403
433,13.0,10016,9202349,50112,33.1,103960,87576,5226,10.42863985,36109,14003
434,14.0,10017,19910777,16278,37.3,102165,104324,1164,7.150755621,11820,4458
435,15.0,10018,10547799,8062,30.6,100298,76632,1230,15.25676011,4480,3582
436,16.0,10019,20099121,38752,39.7,90174,86447,4551,11.74390999,28092,10660
437,17.0,10020,5155083,0,Info not available,Info not available,Info not available,0,Info not available,0,0
438,18.0,10021,5170312,42142,40.3,109398,115478,3190,7.569645484,35454,6688
439,19.0,10022,21632582,29699,46,115604,132596,1505,5.067510691,25556,4143
440,20.0,10023,2747011,60762,41.8,111265,99916,4824,7.939172509,50521,10241
441,21.0,10024,890513,59249,41.5,109784,97669,4206,7.098853989,48168,11081
442,22.0,10025,972374,97373,39.3,71865,56151,15786,16.21188625,63028,34345
443,23.0,10026,93200,38372,34.3,47318,30904,10948,28.53122068,9179,29193
444,24.0,10027,2396356,63057,30.4,40013,27977,17111,27.13576605,17987,45070
445,25.0,10028,851563,46169,39.7,115485,111660,2505,5.425718556,40815,5354
446,26.0,10029,1896625,77857,33.5,31446,25577,22704,29.16115442,24972,52885
447,27.0,10030,79001,29530,34,32561,23064,9113,30.86014223,3850,25680
448,28.0,10031,123331,58912,33.4,38338,22954,16177,27.45960076,16271,42641
449,29.0,10032,0,59069,34.6,35979,19137,16472,27.88603159,17608,41461
450,30.0,10033,236063,60520,35.9,44595,23976,14323,23.66655651,25258,35262
451,31.0,10034,128458,42672,36.4,42522,22776,11044,25.88113986,15448,27224
452,32.0,10035,439353,34760,34.7,26764,19691,13257,38.13866513,7450,27310
453,33.0,10036,21494876,24127,37.5,70625,72435,2906,12.04459734,16138,7989
454,34.0,10037,190490,18041,37.1,37000,25736,4970,27.54836206,1926,16115
455,35.0,10038,3767995,20997,33.6,73988,59309,3920,18.66933371,10378,10619
456,36.0,10039,47149,25952,32.9,33132,20185,7800,30.05548705,3613,22339
457,37.0,10040,133822,45278,37.6,46944,24468,8684,19.17929237,17320,27958
458,38.0,10044,80733,12050,39.4,95259,46709,1182,9.809128631,6722,5328
459,39.0,10069,25573,5523,35.8,172926,118923,305,5.522361036,4194,1329
460,40.0,10103,1218270,0,Info not available,Info not available,Info not available,0,Info not available,0,0
461,41.0,10110,269615,1,Info not available,Info not available,Info not available,0,0,1,0
462,42.0,10111,702819,0,Info not available,Info not available,Info not available,0,Info not available,0,0
463,43.0,10112,1219019,0,Info not available,Info not available,Info not available,0,Info not available,0,0
464,44.0,10115,125065,0,Info not available,Info not available,Info not available,0,Info not available,0,0
465,45.0,10119,898246,0,Info not available,Info not available,Info not available,0,Info not available,0,0
466,46.0,10128,778465,62447,38.7,100649,91988,4817,7.713741253,50735,11712
467,47.0,10152,648037,0,Info not available,Info not available,Info not available,0,Info not available,0,0
468,48.0,10153,1652882,0,Info not available,Info not available,Info not available,0,Info not available,0,0
469,49.0,10154,1266413,0,Info not available,Info not available,Info not available,0,Info not available,0,0
470,50.0,10162,6511,1252,36.2,193238,107132,0,0,1188,64
471,51.0,10165,320174,0,Info not available,Info not available,Info not available,0,Info not available,0,0
472,52.0,10167,1398464,0,Info not available,Info not available,Info not available,0,Info not available,0,0
473,53.0,10168,317193,0,Info not available,Info not available,Info not available,0,Info not available,0,0
474,54.0,10169,560494,0,Info not available,Info not available,Info not available,0,Info not available,0,0
475,55.0,10170,560858,0,Info not available,Info not available,Info not available,0,Info not available,0,0
476,56.0,10171,901117,0,Info not available,Info not available,Info not available,0,Info not available,0,0
477,57.0,10172,1235755,0,Info not available,Info not available,Info not available,0,Info not available,0,0
478,58.0,10173,240940,0,Info not available,Info not available,Info not available,0,Info not available,0,0
479,59.0,10174,504310,0,Info not available,Info not available,Info not available,0,Info not available,0,0
480,60.0,10177,434469,0,Info not available,Info not available,Info not available,0,Info not available,0,0
481,61.0,10199,0,0,Info not available,Info not available,Info not available,0,Info not available,0,0
482,62.0,10271,452336,0,Info not available,Info not available,Info not available,0,Info not available,0,0
483,63.0,10278,0,0,Info not available,Info not available,Info not available,0,Info not available,0,0
484,64.0,10279,126127,0,Info not available,Info not available,Info not available,0,Info not available,0,0
485,65.0,10280,48718,8817,37.1,143636,90980,485,5.500737212,6342,2475
486,66.0,10282,177850,5903,33,245556,138381,140,2.371675419,4337,1566
487,67.0,10301,249271,39367,35.3,60278,28054,7671,19.48586379,22677,16690
488,68.0,10302,179749,18043,33.3,54150,23165,4593,25.45585546,10965,7078
489,69.0,10303,233842,24348,32.8,52826,22593,5726,23.51733202,9425,14923
490,70.0,10304,197151,41864,35,53762,27811,8354,19.95509268,21176,20688
491,71.0,10305,708914,41471,40.1,70763,30178,4559,10.99322418,32121,9350
492,72.0,10306,317288,54888,42,79152,35187,3643,6.637152019,48857,6031
493,73.0,10307,59912,15006,39,86688,34894,932,6.210848994,14143,863
494,74.0,10308,65208,29805,42.3,85814,36756,2169,7.277302466,27964,1841
495,75.0,10309,314197,33382,38.6,87536,37508,3160,9.466179378,30597,2785
496,76.0,10310,309396,24719,33.6,64724,27220,5417,21.91431692,14135,10584
497,77.0,10311,0,0,Info not available,Info not available,Info not available,0,Info not available,0,0
498,78.0,10312,202572,61105,41.2,87946,36127,4363,7.140168562,56462,4643
499,79.0,10314,802699,87524,41.5,78962,33822,6818,7.789863352,67603,19921
500,80.0,10451,1015618,47818,31.6,27197,15672,16458,34.41800159,7073,40745
501,81.0,10452,170661,75252,30.4,24965,12942,29924,39.76505608,11393,63859
502,82.0,10453,184739,79002,31,24741,12459,32209,40.76985393,7945,71057
503,83.0,10454,331808,38751,28.6,19536,11429,18699,48.2542386,9507,29244
504,84.0,10455,337972,39951,30,22996,12442,16044,40.15919501,5586,34365
505,85.0,10456,0,91737,29.7,22962,12157,37837,41.24508105,9587,82150
506,86.0,10457,596711,71015,29.4,24883,12768,28149,39.63810463,10081,60934
507,87.0,10458,509190,76276,29.4,24829,14046,28765,37.71173108,14790,61486
508,88.0,10459,152908,48269,28.7,23400,12616,19612,40.6306325,6021,42248
509,89.0,10460,200098,58676,30,23289,12795,23971,40.85315972,7456,51220
510,90.0,10461,902152,52435,37.1,52230,27484,8211,15.65938781,26077,26358
511,91.0,10462,542297,76114,35,45234,22296,15957,20.96460572,17709,58405
512,92.0,10463,395981,71238,38,55354,31572,12323,17.298352,31893,39345
513,93.0,10464,38817,4532,48.4,75696,43196,184,4.060017652,3699,833
514,94.0,10465,463938,46360,39.3,68831,30235,6213,13.40163934,29459,16901
515,95.0,10466,236673,69657,36.1,42587,19944,14846,21.31300515,5330,64327
516,96.0,10467,0,99251,33.1,35852,18103,27541,27.7488388,19369,79882
517,97.0,10468,254352,72683,31.9,33585,15710,23516,32.35419562,9826,62857
518,98.0,10469,279951,72241,37,57680,23044,9165,12.68670146,14435,57806
519,99.0,10470,104088,14880,36,58330,28926,1801,12.10349462,6685,8195
520,100.0,10471,363342,21935,43.7,73684,41945,1787,8.146797356,15352,6583
521,101.0,10472,120683,69659,31.3,30541,14970,24007,34.46360126,10862,58797
522,102.0,10473,240957,59948,36.5,36729,19760,16166,26.96670448,14857,45091
523,103.0,10474,774052,12223,29.9,26460,11609,4657,38.10030271,3023,9200
524,104.0,10475,365699,44582,46.2,45886,26215,4437,9.952447176,7456,37126
525,105.0,11004,134192,14045,44.1,82054,36326,1221,8.693485226,6871,7174
526,106.0,11005,12509,2123,81.4,61587,70320,27,1.27178521,2088,35
527,107.0,11101,4339898,25317,35.4,48509,34276,5351,21.13599558,12368,12949
528,108.0,11102,305909,35027,32.6,50160,28118,6471,18.47431981,20004,15023
529,109.0,11103,268887,38257,34.4,57733,32578,5494,14.36077058,28503,9754
530,110.0,11104,249615,26555,37.6,56578,31798,3667,13.8090755,17635,8920
531,111.0,11105,660444,36816,34.8,60247,33350,4960,13.4724033,27908,8908
532,112.0,11106,413094,38633,36.1,52399,31376,7718,19.97773924,22891,15742
533,113.0,11109,14252,4337,32.2,128693,91699,381,8.784874337,3097,1240
534,114.0,11201,2821051,56488,34.9,98775,68287,7599,13.45241467,36560,19928
535,115.0,11203,943691,77011,38.9,46630,22555,13120,17.03652725,3425,73586
536,116.0,11204,380362,80349,34.6,45593,20284,18287,22.75946185,52473,27876
537,117.0,11205,599452,43320,29.4,47050,26331,14264,32.92705448,20101,23219
538,118.0,11206,634467,83180,29,30686,17241,29653,35.64919452,37495,45685
539,119.0,11207,441298,93465,31.3,33816,16386,30716,32.8636388,14124,79341
540,120.0,11208,372454,92262,30.9,34527,15154,30863,33.45147515,26985,65277
541,121.0,11209,602819,72582,39.2,59934,36870,11274,15.53277672,54956,17626
542,122.0,11210,312421,67042,34.9,56052,25229,10082,15.03833418,21138,45904
543,123.0,11211,1000260,94681,30.1,50943,30557,29779,31.45192805,75216,19465
544,124.0,11212,465191,87751,31.7,28146,15814,30354,34.59105879,3608,84143
545,125.0,11213,236235,62756,32.8,34804,18635,17012,27.10816496,12446,50310
546,126.0,11214,405609,88297,39.5,45838,23134,16325,18.48873688,48490,39807
547,127.0,11215,969749,70156,34.6,99040,58737,5758,8.207423456,51762,18394
548,128.0,11216,133822,54440,34.4,45566,28134,11867,21.79831007,9720,44720
549,129.0,11217,691074,38567,35.4,85199,53380,5554,14.4009127,21255,17312
550,130.0,11218,429747,75132,32.5,54441,24828,16863,22.44449768,43117,32015
551,131.0,11219,1365295,98719,27.7,35083,14419,35459,35.91912398,65024,33695
552,132.0,11220,1106078,101715,32.5,38052,16257,32359,31.81340019,30019,71696
553,133.0,11221,150486,83773,31.4,39785,19340,22456,26.80577274,25132,58641
554,134.0,11222,773723,34580,33.9,66610,40119,4362,12.61422788,28948,5632
555,135.0,11223,507560,76651,37.4,40873,22570,14896,19.43353642,49726,26925
556,136.0,11224,197597,42698,46.6,27011,20916,12561,29.41823973,25758,16940
557,137.0,11225,118904,59613,33.9,43543,23552,12853,21.5607334,11230,48383
558,138.0,11226,263537,98299,35,42182,21483,19774,20.11617616,8820,89479
559,139.0,11228,181928,46059,39.9,62821,29683,5461,11.85653184,29592,16467
560,140.0,11229,480875,81351,40.8,51985,27246,12169,14.95863603,57047,24304
561,141.0,11230,645852,87064,34.7,41820,23792,20899,24.00418083,61335,25729
562,142.0,11231,485564,34605,35.6,83383,52748,5640,16.2982228,22981,11624
563,143.0,11232,672305,29452,31.7,44583,19325,7568,25.69604781,10777,18675
564,144.0,11233,120272,69637,33.6,34432,19696,21297,30.58287979,3242,66395
565,145.0,11234,684604,95610,38.7,67713,29736,9115,9.533521598,42374,53236
566,146.0,11235,694857,75622,44.5,42257,29182,16573,21.91558012,60986,14636
567,147.0,11236,414309,97714,37.3,60135,24929,14002,14.32957406,5620,92094
568,148.0,11237,481620,55258,29.1,42496,18373,17468,31.61171233,24772,30486
569,149.0,11238,304209,51959,34.8,69491,40557,7149,13.75892531,21444,30515
570,150.0,11239,99378,12943,41.7,27886,19169,4100,31.67735455,4205,8738
571,151.0,11351,0,0,Info not available,Info not available,Info not available,0,Info not available,0,0
572,152.0,11354,1045895,56433,44.2,46650,23833,10168,18.01782645,14139,42294
573,153.0,11355,944546,83799,40.9,40539,19811,18429,21.99190921,12105,71694
574,154.0,11356,503334,23800,36,59084,24417,2911,12.23109244,8966,14834
575,155.0,11357,334190,40588,44.8,73189,34857,2390,5.888439933,30907,9681
576,156.0,11358,202211,37634,42.3,67277,30097,4100,10.894404,17940,19694
577,157.0,11359,5190,0,Info not available,Info not available,Info not available,0,Info not available,0,0
578,158.0,11360,116528,19916,48.5,79513,43697,1274,6.396866841,13106,6810
579,159.0,11361,364778,30352,41.1,77219,33806,2450,8.07195572,15838,14514
580,160.0,11362,111656,17897,45,82058,38018,1450,8.101916522,9341,8556
581,161.0,11363,38610,7625,42,92711,42724,453,5.940983607,4299,3326
582,162.0,11364,85142,34902,43.4,72344,33783,3000,8.59549596,14824,20078
583,163.0,11365,325252,43138,41.6,58990,27555,6230,14.44202327,15693,27445
584,164.0,11366,103974,13146,41.4,71692,31680,1736,13.20553781,6608,6538
585,165.0,11367,150594,41582,34.7,54218,26144,6467,15.55240248,23349,18233
586,166.0,11368,506266,110385,31.6,45014,16061,26691,24.17991575,46108,64277
587,167.0,11369,196134,39862,35.2,54181,21072,7027,17.6283177,10242,29620
588,168.0,11370,372514,36271,35.5,54196,18161,4538,12.51137272,13735,22536
589,169.0,11371,0,0,Info not available,Info not available,Info not available,0,Info not available,0,0
590,170.0,11372,296707,63202,37.9,46402,25416,12476,19.73988165,38705,24497
591,171.0,11373,685399,100713,36.3,49042,21905,19865,19.72436528,38246,62467
592,172.0,11374,419375,41792,42.8,50606,32415,5403,12.92831164,26271,15521
593,173.0,11375,843688,69652,41.9,71643,44032,6021,8.644403607,44741,24911
594,174.0,11377,663322,88939,35.9,49641,23505,13962,15.69840003,42706,46233
595,175.0,11378,864164,30854,39.6,56278,29422,3626,11.7521229,23642,7212
596,176.0,11379,151100,35725,43.4,71393,33357,3473,9.721483555,30654,5071
597,177.0,11385,546522,100132,35.3,53558,24197,17346,17.32313346,81574,18558
598,178.0,11411,40077,19177,44.4,81117,31752,838,4.369818011,551,18626
599,179.0,11412,48274,37690,39.6,70709,25496,3507,9.304855399,702,36988
600,180.0,11413,231936,41689,39.3,80237,28580,2946,7.066612296,941,40748
601,181.0,11414,97198,28742,44.2,69088,35199,2544,8.851158583,24144,4598
602,182.0,11415,151886,19020,37.9,64696,35734,2161,11.3617245,11487,7533
603,183.0,11416,0,25973,33.9,58621,21338,4214,16.22454087,6882,19091
604,184.0,11417,116957,31556,36.8,61617,24237,4890,15.49626062,12404,19152
605,185.0,11418,571898,36751,34.9,61472,23317,5283,14.37511904,12944,23807
606,186.0,11419,102116,48370,36.5,55557,19170,8620,17.82096341,5368,43002
607,187.0,11420,159755,50162,36.8,57784,22129,6144,12.24831546,8111,42051
608,188.0,11421,62850,42745,34.8,61974,23475,6558,15.34214528,19595,23150
609,189.0,11422,81768,32589,35.5,83631,29035,2743,8.416950505,2576,30013
610,190.0,11423,105852,32053,39.4,60161,25657,3423,10.6791876,4952,27101
611,191.0,11424,800,0,Info not available,Info not available,Info not available,0,Info not available,0,0
612,192.0,11425,137,0,Info not available,Info not available,Info not available,0,Info not available,0,0
613,193.0,11426,60281,19348,40.8,77917,31453,1747,9.029357039,9013,10335
614,194.0,11427,0,23460,41.8,69847,29657,2578,10.98891731,6477,16983
615,195.0,11428,74211,20461,40.2,68077,23357,2224,10.86945897,4706,15755
616,196.0,11429,102394,27506,39.9,71208,24564,3321,12.07372937,1437,26069
617,197.0,11430,1686458,171,43.4,Info not available,8278,143,83.62573099,18,153
618,198.0,11432,565627,62395,35.8,49631,21641,12609,20.20835003,14196,48199
619,199.0,11433,159125,37927,30.7,44799,17236,7835,20.65810636,1336,36591
620,200.0,11434,505969,65255,35.6,58178,23690,8536,13.08098996,1900,63355
621,201.0,11435,315989,54523,35.7,52939,23353,9645,17.68978229,12011,42512
622,202.0,11436,30719,18609,35.5,61544,23204,2433,13.07431888,1147,17462
623,203.0,11451,1380,0,Info not available,Info not available,Info not available,0,Info not available,0,0
624,204.0,11691,334972,62577,32.6,39986,19097,15152,24.21336913,23497,39080
625,205.0,11692,53964,17970,35.2,40298,21118,3903,21.71953255,5144,12826
626,206.0,11693,38904,11338,38.9,51116,25732,2325,20.50626213,6371,4967
627,207.0,11694,77551,21507,43.1,75615,37351,1369,6.365369415,18205,3302
628,208.0,11697,0,4078,49.3,82230,39540,123,3.016184404,4031,47
629,Info not available,ZIPCODE,Total Annual Payroll,Population,Median Age,Household Income,Per Capita Income,Poverty Count,Poverty Rate,Whites Alone,Non Whites
630,0.0,10001,8118354,20579,35.7,76138,74212,2672,12.98411002,13654,6925
631,1.0,10002,585960,80323,39.9,32265,25518,22136,27.55873162,24852,55471
632,2.0,10003,5244723,56614,32.2,91767,73196,6153,10.86833645,43932,12682
633,3.0,10004,9670296,2780,33.8,127281,127628,300,10.79136691,2166,614
634,4.0,10005,5947321,5724,28.4,120729,99403,590,10.30747729,4238,1486
635,5.0,10006,2130252,2696,31.5,115787,98790,257,9.53264095,1871,825
636,6.0,10007,2299621,6188,34.5,210125,156554,146,2.359405301,4463,1725
637,7.0,10009,378053,62397,37,59034,44705,12380,19.84069747,37680,24717
638,8.0,10010,8044200,29396,35.3,95556,84619,3799,12.92352701,22061,7335
639,9.0,10011,4399264,51853,40.3,101515,113300,4461,8.603166644,40428,11425
640,10.0,10012,2920888,24703,33.4,77853,70333,2804,11.35084808,18713,5990
641,11.0,10013,6381052,26090,35.5,68790,78155,3408,13.06247604,13714,12376
642,12.0,10014,2571695,30893,37.3,105144,104544,1935,6.263554851,27323,3570
643,13.0,10016,8483270,52624,32.7,101979,88265,4559,8.663347522,40479,12145
644,14.0,10017,19166152,16137,35.9,108250,108756,1194,7.399144822,12133,4004
645,15.0,10018,9874383,6147,31.6,87813,67612,1111,18.07385717,3545,2602
646,16.0,10019,17441129,40351,37.7,80519,83097,4877,12.08644148,29130,11221
647,17.0,10020,6226592,0,Info not available,Info not available,Info not available,0,Info not available,0,0
648,18.0,10021,4782849,42646,40.8,106236,113504,2772,6.500023449,37594,5052
649,19.0,10022,20186272,29317,45.6,106888,123140,1191,4.062489341,25002,4315
650,20.0,10023,2498714,60447,41.2,105311,99534,5764,9.535626251,49718,10729
651,21.0,10024,789282,58991,41.5,110091,101078,4238,7.184146734,48377,10614
652,22.0,10025,1007483,96449,37.7,68463,55878,15391,15.95765638,64321,32128
653,23.0,10026,84881,36797,33.1,42058,28181,10173,27.64627551,8576,28221
654,24.0,10027,2135055,61018,30.9,35694,26335,16399,26.87567603,16910,44108
655,25.0,10028,1168628,45799,39.7,107976,108314,2431,5.307976157,40937,4862
656,26.0,10029,0,79031,32.7,31254,23812,21539,27.25386241,26436,52595
657,27.0,10030,70986,29364,34.6,30674,23500,8495,28.92998229,3942,25422
658,28.0,10031,127323,59708,31.8,36495,22867,17289,28.9559188,14712,44996
659,29.0,10032,0,61650,34.2,36095,18608,16835,27.30738037,16266,45384
660,30.0,10033,248456,57073,35.6,41352,24088,13643,23.90447322,23958,33115
661,31.0,10034,104865,41200,36.4,43049,23071,9509,23.08009709,15193,26007
662,32.0,10035,394245,34709,33,26214,18712,13684,39.42493301,7716,26993
663,33.0,10036,17934538,22413,38.8,64013,67065,3094,13.80448847,14681,7732
664,34.0,10037,187355,17099,38.9,39897,27741,3354,19.61518217,1558,15541
665,35.0,10038,3179290,20042,33.6,65934,58384,4224,21.07574094,10000,10042
666,36.0,10039,42711,25372,34,35710,19990,6658,26.24152609,3261,22111
667,37.0,10040,124378,43650,36.6,40385,23416,9566,21.91523482,17477,26173
668,38.0,10044,119005,12311,39,75325,38523,1464,11.89180408,6608,5703
669,39.0,10069,23658,5359,35.7,186569,130176,197,3.676058966,4117,1242
670,40.0,10103,1157914,0,Info not available,Info not available,Info not available,0,Info not available,0,0
671,41.0,10110,201894,3,30.5,Info not available,42567,1,33.33333333,1,2
672,42.0,10111,702100,0,Info not available,Info not available,Info not available,0,Info not available,0,0
673,43.0,10112,893807,0,Info not available,Info not available,Info not available,0,Info not available,0,0
674,44.0,10115,111509,0,Info not available,Info not available,Info not available,0,Info not available,0,0
675,45.0,10119,827821,0,Info not available,Info not available,Info not available,0,Info not available,0,0
676,46.0,10128,689122,59443,38.9,96974,92010,4417,7.430647848,48615,10828
677,47.0,10152,551880,0,Info not available,Info not available,Info not available,0,Info not available,0,0
678,48.0,10153,1368831,0,Info not available,Info not available,Info not available,0,Info not available,0,0
679,49.0,10154,1124769,0,Info not available,Info not available,Info not available,0,Info not available,0,0
680,50.0,10162,5269,1590,38.7,165917,99910,10,0.628930818,1435,155
681,51.0,10165,254882,0,Info not available,Info not available,Info not available,0,Info not available,0,0
682,52.0,10167,913545,0,Info not available,Info not available,Info not available,0,Info not available,0,0
683,53.0,10168,289544,0,Info not available,Info not available,Info not available,0,Info not available,0,0
684,54.0,10169,547975,0,Info not available,Info not available,Info not available,0,Info not available,0,0
685,55.0,10170,602193,0,Info not available,Info not available,Info not available,0,Info not available,0,0
686,56.0,10171,726601,0,Info not available,Info not available,Info not available,0,Info not available,0,0
687,57.0,10172,1040232,0,Info not available,Info not available,Info not available,0,Info not available,0,0
688,58.0,10173,192945,0,Info not available,Info not available,Info not available,0,Info not available,0,0
689,59.0,10174,340728,0,Info not available,Info not available,Info not available,0,Info not available,0,0
690,60.0,10177,289827,0,Info not available,Info not available,Info not available,0,Info not available,0,0
691,61.0,10199,0,0,Info not available,Info not available,Info not available,0,Info not available,0,0
692,62.0,10271,406406,0,Info not available,Info not available,Info not available,0,Info not available,0,0
693,63.0,10278,0,0,Info not available,Info not available,Info not available,0,Info not available,0,0
694,64.0,10279,132789,0,Info not available,Info not available,Info not available,0,Info not available,0,0
695,65.0,10280,52044,7610,37.7,125830,83703,362,4.756898817,5534,2076
696,66.0,10282,162829,5507,34,233409,126314,124,2.25167968,3837,1670
697,67.0,10301,241178,38851,34.4,54792,27596,7537,19.39975805,23133,15718
698,68.0,10302,196798,17090,33.2,56883,23181,4383,25.64657695,9645,7445
699,69.0,10303,242703,24933,31.5,50137,22778,4781,19.17539005,9613,15320
700,70.0,10304,188040,41845,35.1,51852,25019,8708,20.81013263,20348,21497
701,71.0,10305,663763,41309,39.7,66478,29698,3824,9.257062626,32377,8932
702,72.0,10306,292266,55692,41.1,77720,34534,3208,5.760252819,49742,5950
703,73.0,10307,50613,14418,37.8,86011,37904,393,2.725759467,13527,891
704,74.0,10308,56903,28782,42,90196,37581,1209,4.200542005,27058,1724
705,75.0,10309,317666,31943,38.4,86759,34921,2146,6.718216824,28838,3105
706,76.0,10310,298136,24454,34.5,62457,28763,5169,21.13764619,14691,9763
707,77.0,10311,0,0,Info not available,Info not available,Info not available,0,Info not available,0,0
708,78.0,10312,152363,61136,40.4,87426,36131,3735,6.109330018,56863,4273
709,79.0,10314,701722,87921,40.8,79820,32777,7144,8.12547628,69001,18920
710,80.0,10451,945296,45931,30.8,26541,14314,16651,36.25220439,8700,37231
711,81.0,10452,162531,74520,30.4,26636,12851,27665,37.12426194,11416,63104
712,82.0,10453,150223,79143,30,26120,12692,30273,38.25101399,9208,69935
713,83.0,10454,316478,37850,28.9,19271,11362,17243,45.55614267,14028,23822
714,84.0,10455,267245,38114,28,21379,11685,14937,39.19032377,7768,30346
715,85.0,10456,305092,87796,30.4,22604,12206,34609,39.41979133,9233,78563
716,86.0,10457,564780,69411,28.5,24445,12792,27532,39.66518275,10160,59251
717,87.0,10458,448841,74911,28.8,24478,13754,27618,36.86774973,14836,60075
718,88.0,10459,132565,47000,27.7,21913,12116,20157,42.88723404,6517,40483
719,89.0,10460,206410,56011,29.1,22625,12560,21417,38.23713199,8520,47491
720,90.0,10461,897472,51599,38.5,50329,25921,7495,14.5254753,27110,24489
721,91.0,10462,534122,75709,35.3,46001,21412,15573,20.56954919,17814,57895
722,92.0,10463,334489,69371,39.6,53282,30472,11492,16.5660002,31400,37971
723,93.0,10464,35900,3974,52.6,61063,40195,232,5.837946653,3050,924
724,94.0,10465,456505,43897,40.2,63352,29519,5898,13.4359979,28423,15474
725,95.0,10466,212459,71631,35.3,44038,19509,14294,19.9550474,5887,65744
726,96.0,10467,0,96319,32.9,35358,17934,24762,25.70832338,18775,77544
727,97.0,10468,263546,73205,31.7,32985,15750,22392,30.58807459,10672,62533
728,98.0,10469,268267,71580,36.9,55724,23299,8929,12.47415479,14242,57338
729,99.0,10470,94796,15647,36.5,56058,27749,1742,11.13312456,7081,8566
730,100.0,10471,300530,21792,42.1,71286,45173,1473,6.759361233,15965,5827
731,101.0,10472,103718,67915,30.5,31594,15516,22325,32.87197232,9442,58473
732,102.0,10473,208033,58403,35.7,37616,20335,13396,22.93717788,9887,48516
733,103.0,10474,735632,12723,28.5,23297,11370,5118,40.22636171,5121,7602
734,104.0,10475,334343,41625,45.8,45460,26505,5313,12.76396396,7885,33740
735,105.0,11004,122536,14178,40.8,78766,34882,914,6.44660742,6902,7276
736,106.0,11005,15602,1963,79.9,70036,82709,43,2.190524707,1945,18
737,107.0,11101,3923484,24405,33.9,43909,27987,4747,19.45093219,12286,12119
738,108.0,11102,289429,33742,32.7,48548,27385,5690,16.86325648,19869,13873
739,109.0,11103,250630,36724,35,55844,31958,4923,13.40540246,28036,8688
740,110.0,11104,215107,26321,37.2,54188,30219,3025,11.49272444,16209,10112
741,111.0,11105,539065,37438,35.2,57576,32505,5096,13.61183824,29543,7895
742,112.0,11106,376731,36958,35.9,49371,30492,7948,21.50549272,22554,14404
743,113.0,11109,8388,3272,31.5,126225,86873,213,6.509779951,2454,818
744,114.0,11201,2703614,52242,35.3,93693,69156,6816,13.0469737,34805,17437
745,115.0,11203,1018576,80202,38.1,49002,22302,11878,14.81010449,3533,76669
746,116.0,11204,324082,80341,33.8,45112,19898,16596,20.65694975,54966,25375
747,117.0,11205,449972,40125,29.6,42434,25960,13648,34.01370717,19513,20612
748,118.0,11206,539679,80086,28.4,28584,15185,29047,36.26976001,34601,45485
749,119.0,11207,406797,92054,29.9,32642,15608,30463,33.09253264,13953,78101
750,120.0,11208,335016,93998,30.5,35665,14907,30097,32.01876636,33227,60771
751,121.0,11209,608745,72434,38.1,57713,35436,10023,13.83742441,56762,15672
752,122.0,11210,292751,64041,34.7,54664,25516,9634,15.04348777,22743,41298
753,123.0,11211,847261,90510,29.2,44173,25768,31188,34.45807093,75482,15028
754,124.0,11212,396670,81267,32.1,27901,15405,27429,33.75170734,3782,77485
755,125.0,11213,225955,61495,32.3,35344,18572,16958,27.57622571,12931,48564
756,126.0,11214,377269,81428,39.8,41246,21616,14458,17.7555632,47033,34395
757,127.0,11215,837133,67195,34.1,93184,55199,5759,8.570578168,50370,16825
758,128.0,11216,122039,53662,34.6,41688,24839,12565,23.41507957,7070,46592
759,129.0,11217,589896,38398,35.4,78591,49748,5167,13.45643002,20202,18196
760,130.0,11218,358081,74571,32.9,53251,23960,17396,23.32810342,44232,30339
761,131.0,11219,1222037,95069,28.5,34590,14932,31683,33.32632088,63662,31407
762,132.0,11220,939853,100476,32.5,38267,16676,28798,28.66157092,34827,65649
763,133.0,11221,128631,80254,31.2,37608,18032,22443,27.96496125,22638,57616
764,134.0,11222,693902,33718,33.6,62634,38113,4166,12.35541847,28552,5166
765,135.0,11223,438827,74700,40.2,40960,22046,11901,15.93172691,48920,25780
766,136.0,11224,214661,44047,48.7,31415,20067,11206,25.4410062,26455,17592
767,137.0,11225,110264,60179,33.9,40481,21524,12969,21.55070706,9164,51015
768,138.0,11226,255714,99285,34.3,40146,19527,20334,20.48043511,10320,88965
769,139.0,11228,159897,43396,40.3,61213,29107,4490,10.34657572,30401,12995
770,140.0,11229,457607,79268,41,49629,25943,11688,14.74491598,57116,22152
771,141.0,11230,571833,84707,34.3,42568,22268,18138,21.41263414,60727,23980
772,142.0,11231,402566,34393,34.7,71999,46008,5607,16.30273602,21938,12455
773,143.0,11232,596437,28703,30.9,40565,18253,7080,24.66641118,13133,15570
774,144.0,11233,124722,67661,32.5,35620,19786,20257,29.93896041,3205,64456
775,145.0,11234,671012,95390,37.7,68177,28752,9134,9.575427194,44611,50779
776,146.0,11235,612464,72447,45.1,42298,27291,14273,19.70129888,59048,13399
777,147.0,11236,410618,97084,36.1,60758,24388,13299,13.69844671,6864,90220
778,148.0,11237,413133,53031,29.3,37636,15692,17504,33.00710905,18048,34983
779,149.0,11238,259363,52033,34,64981,38807,7642,14.68683336,20025,32008
780,150.0,11239,92874,12850,42,24640,18138,4030,31.3618677,5022,7828
781,151.0,11351,0,0,Info not available,Info not available,Info not available,0,Info not available,0,0
782,152.0,11354,988640,55543,42.1,48236,23665,9233,16.62315683,15030,40513
783,153.0,11355,785361,83938,40.2,43248,20994,15983,19.04143535,14519,69419
784,154.0,11356,432351,22947,36.9,59289,26311,1987,8.659083976,10873,12074
785,155.0,11357,270573,40705,43.8,76014,35412,1845,4.532612701,31810,8895
786,156.0,11358,177024,39143,41.1,67924,31026,3725,9.516388626,19075,20068
787,157.0,11359,6718,0,Info not available,Info not available,Info not available,0,Info not available,0,0
788,158.0,11360,107193,20688,47.8,76438,41606,1041,5.031902552,13105,7583
789,159.0,11361,346551,29197,41.5,72837,32510,2304,7.891221701,16308,12889
790,160.0,11362,103471,18220,46.7,86051,38620,1331,7.305159166,10113,8107
791,161.0,11363,32333,7442,43,91712,47492,186,2.499328138,4357,3085
792,162.0,11364,77264,35106,42.4,73079,33023,3243,9.237737139,16195,18911
793,163.0,11365,304996,41520,40,56131,26190,5431,13.08044316,15058,26462
794,164.0,11366,82354,13593,41,75729,31767,1337,9.835944972,7239,6354
795,165.0,11367,129752,39424,34.9,52199,26844,6439,16.33269075,22448,16976
796,166.0,11368,512243,104486,31.4,46325,16393,23263,22.26422679,47230,57256
797,167.0,11369,178016,40160,33.6,55553,20178,6652,16.56374502,10532,29628
798,168.0,11370,281407,37755,33.8,52489,18414,4802,12.71884519,13460,24295
799,169.0,11371,0,0,Info not available,Info not available,Info not available,0,Info not available,0,0
800,170.0,11372,268160,62857,38.3,47750,24184,11902,18.93504303,36348,26509
801,171.0,11373,611814,97430,35.8,44964,20304,19899,20.42389408,38684,58746
802,172.0,11374,386394,42484,39.6,54868,34243,5124,12.0610112,27273,15211
803,173.0,11375,803634,69745,42,72538,44476,5226,7.493010252,44959,24786
804,174.0,11377,627777,87284,35.8,49528,24113,11781,13.4973191,40806,46478
805,175.0,11378,787583,32187,39.4,58317,27121,3184,9.8921925,26084,6103
806,176.0,11379,151373,35680,43.5,67516,31720,2765,7.749439462,30881,4799
807,177.0,11385,568852,99508,34.2,51258,22904,17454,17.54029827,81254,18254
808,178.0,11411,37730,19357,43.4,81390,31339,1137,5.873844087,717,18640
809,179.0,11412,41697,36660,38.9,71292,25941,3060,8.346972177,803,35857
810,180.0,11413,193675,39291,39.8,77739,28294,2857,7.271385305,1343,37948
811,181.0,11414,88793,28769,45.2,65295,33500,2566,8.919322882,24781,3988
812,182.0,11415,130915,19464,37.3,60287,34053,2174,11.16933827,11899,7565
813,183.0,11416,359625,24977,33.1,55225,20015,3660,14.6534812,6817,18160
814,184.0,11417,99429,30325,35.3,61284,23395,4226,13.93569662,12217,18108
815,185.0,11418,577857,36821,34.9,58965,22214,4502,12.22671845,14686,22135
816,186.0,11419,89867,48119,36.2,53815,18815,7502,15.59051518,6101,42018
817,187.0,11420,121257,48226,36.1,60603,22890,5744,11.91058765,8522,39704
818,188.0,11421,57808,41872,33.6,57091,22023,6099,14.56581964,15883,25989
819,189.0,11422,83691,33116,34.9,85151,28272,2238,6.758062568,2250,30866
820,190.0,11423,105244,31425,39.7,61948,26511,3716,11.82498011,5424,26001
821,191.0,11424,1099,0,Info not available,Info not available,Info not available,0,Info not available,0,0
822,192.0,11425,136,0,Info not available,Info not available,Info not available,0,Info not available,0,0
823,193.0,11426,60520,18847,39.5,78415,30543,1042,5.528731363,8898,9949
824,194.0,11427,0,24601,40.1,70438,29416,2429,9.873582375,7420,17181
825,195.0,11428,63214,19784,39.5,69758,25195,1497,7.566720582,4742,15042
826,196.0,11429,88456,28571,38.5,70478,23132,3749,13.12169683,1911,26660
827,197.0,11430,1487092,101,43.9,Info not available,8896,80,79.20792079,15,86
828,198.0,11432,544359,58705,37.1,50130,23458,10749,18.31019504,11900,46805
829,199.0,11433,183199,30851,32.9,43419,19414,7256,23.51949694,1106,29745
830,200.0,11434,461016,61853,35.9,57393,23773,7708,12.4618046,1714,60139
831,201.0,11435,257002,52288,35.9,53914,24009,8356,15.98072215,11061,41227
832,202.0,11436,27226,17316,36.7,60820,23297,2409,13.91198891,442,16874
833,203.0,11451,1351,0,Info not available,Info not available,Info not available,0,Info not available,0,0
834,204.0,11691,332139,61442,30.8,38631,18715,16094,26.1938088,22348,39094
835,205.0,11692,50989,16870,36.2,39817,20270,4121,24.42797866,3231,13639
836,206.0,11693,35819,11415,38.9,50006,24229,2219,19.43933421,6035,5380
837,207.0,11694,77181,21281,44.7,73893,37718,1378,6.475259621,18110,3171
838,208.0,11697,0,4344,49.1,86731,39793,44,1.012891344,4304,40
839,Info not available,ZIPCODE,Total Annual Payroll,Population,Median Age,Household Income,Per Capita Income,Poverty Count,Poverty Rate,Whites Alone,Non Whites
840,0.0,10001,9226142,23537,35.6,86801,80990,4610,19.58618346,14180,9357
841,1.0,10002,697785,80736,40.8,33726,27867,24215,29.99281609,23866,56870
842,2.0,10003,7065453,57112,32.1,98151,80936,4908,8.593640566,44339,12773
843,3.0,10004,11405126,3221,33.1,119691,90205,218,6.768084446,2274,947
844,4.0,10005,6553790,8131,29.4,124194,96940,864,10.62599926,6126,2005
845,5.0,10006,2438770,3110,31.4,123691,96121,250,8.038585209,2237,873
846,6.0,10007,3148694,6876,35.4,250001,184886,191,2.777777778,4895,1981
847,7.0,10009,442831,60865,37,59090,44839,13840,22.73884827,36295,24570
848,8.0,10010,7934210,31447,34.6,101718,82453,4277,13.60066143,22901,8546
849,9.0,10011,5320272,52349,39.5,109818,114034,4336,8.282870733,41472,10877
850,10.0,10012,2599324,24163,34.2,100859,77687,2379,9.845631751,18059,6104
851,11.0,10013,7747673,27415,36.9,96667,105629,3178,11.59219405,15066,12349
852,12.0,10014,2952515,30727,37,113973,112694,1758,5.721352556,27210,3517
853,13.0,10016,9937677,50641,33.4,104826,88937,4862,9.600916254,36436,14205
854,14.0,10017,20255599,16472,37.4,106421,102122,1235,7.497571637,12121,4351
855,15.0,10018,11103028,9168,30.7,105500,79765,1364,14.87783595,5387,3781
856,16.0,10019,20942515,38830,39.2,94022,89202,4644,11.95982488,27740,11090
857,17.0,10020,4852186,0,Info not available,Info not available,Info not available,0,Info not available,0,0
858,18.0,10021,5561997,43573,39.5,115076,119996,2767,6.350262777,36425,7148
859,19.0,10022,22165514,30607,45.5,126378,139507,1525,4.982520338,26207,4400
860,20.0,10023,2853723,60586,42.1,111478,103249,4825,7.963886046,49823,10763
861,21.0,10024,893579,58391,42.5,113839,101201,4183,7.163775239,47504,10887
862,22.0,10025,1004626,96068,40.3,74065,58664,14911,15.52129741,62344,33724
863,23.0,10026,104482,38310,34.2,47264,32424,11041,28.8201514,9893,28417
864,24.0,10027,2554411,64413,30.2,40782,26953,18464,28.66502104,18553,45860
865,25.0,10028,946715,46883,39.6,114939,110585,2343,4.997547085,41841,5042
866,26.0,10029,2206982,79251,33.3,31350,25697,23401,29.52770312,24525,54726
867,27.0,10030,79175,29209,34.1,33196,23818,8500,29.10061967,4291,24918
868,28.0,10031,138203,59244,33.8,39774,23542,14725,24.85483762,16700,42544
869,29.0,10032,1231308,62685,34.2,37280,19479,18187,29.01332057,19021,43664
870,30.0,10033,229284,59844,35.8,44933,23904,14637,24.45859234,24272,35572
871,31.0,10034,139458,43405,35.5,42581,23256,11359,26.16979611,16096,27309
872,32.0,10035,459685,33920,35.2,27424,20371,13117,38.67040094,7220,26700
873,33.0,10036,21157903,25799,37,75966,73546,3366,13.04701733,16669,9130
874,34.0,10037,215384,18777,36.1,35491,25883,5384,28.673377,2020,16757
875,35.0,10038,3718783,21464,33.6,76379,59468,3789,17.65281401,10899,10565
876,36.0,10039,49017,26697,32.4,33558,22260,7734,28.96954714,3456,23241
877,37.0,10040,138107,44378,37.8,46200,23847,8985,20.24651855,16278,28100
878,38.0,10044,84344,11783,40.9,91383,48285,1155,9.80225749,6261,5522
879,39.0,10069,27663,5526,34.6,163750,120573,436,7.889974665,4245,1281
880,40.0,10103,1287397,0,Info not available,Info not available,Info not available,0,Info not available,0,0
881,41.0,10110,274763,0,Info not available,Info not available,Info not available,0,Info not available,0,0
882,42.0,10111,652097,0,Info not available,Info not available,Info not available,0,Info not available,0,0
883,43.0,10112,1302662,0,Info not available,Info not available,Info not available,0,Info not available,0,0
884,44.0,10115,134902,0,Info not available,Info not available,Info not available,0,Info not available,0,0
885,45.0,10119,954690,0,Info not available,Info not available,Info not available,0,Info not available,0,0
886,46.0,10128,859011,61927,39.1,100200,90805,4441,7.171346908,50335,11592
887,47.0,10152,695698,0,Info not available,Info not available,Info not available,0,Info not available,0,0
888,48.0,10153,1624500,0,Info not available,Info not available,Info not available,0,Info not available,0,0
889,49.0,10154,1347006,0,Info not available,Info not available,Info not available,0,Info not available,0,0
890,50.0,10162,6250,1289,44.4,193510,112223,0,0,1243,46
891,51.0,10165,352156,0,Info not available,Info not available,Info not available,0,Info not available,0,0
892,52.0,10167,1469382,0,Info not available,Info not available,Info not available,0,Info not available,0,0
893,53.0,10168,335113,0,Info not available,Info not available,Info not available,0,Info not available,0,0
894,54.0,10169,581716,0,Info not available,Info not available,Info not available,0,Info not available,0,0
895,55.0,10170,567817,0,Info not available,Info not available,Info not available,0,Info not available,0,0
896,56.0,10171,661425,0,Info not available,Info not available,Info not available,0,Info not available,0,0
897,57.0,10172,1324875,0,Info not available,Info not available,Info not available,0,Info not available,0,0
898,58.0,10173,377854,0,Info not available,Info not available,Info not available,0,Info not available,0,0
899,59.0,10174,530189,0,Info not available,Info not available,Info not available,0,Info not available,0,0
900,60.0,10177,929539,0,Info not available,Info not available,Info not available,0,Info not available,0,0
901,61.0,10199,936,0,Info not available,Info not available,Info not available,0,Info not available,0,0
902,62.0,10271,456814,0,Info not available,Info not available,Info not available,0,Info not available,0,0
903,63.0,10278,37762,0,Info not available,Info not available,Info not available,0,Info not available,0,0
904,64.0,10279,132685,0,Info not available,Info not available,Info not available,0,Info not available,0,0
905,65.0,10280,51024,9552,37.2,145432,95071,435,4.554020101,6962,2590
906,66.0,10282,166253,5730,33,250001,137952,197,3.438045375,4042,1688
907,67.0,10301,266181,39209,35.8,54605,27485,8094,20.64321967,21990,17219
908,68.0,10302,205610,18286,32.9,54170,23486,4330,23.67931751,10994,7292
909,69.0,10303,306306,23933,32.9,52553,21408,6097,25.47528517,8894,15039
910,70.0,10304,202191,42244,35.6,54106,28842,8004,18.94706941,21743,20501
911,71.0,10305,790260,41795,39.5,72782,29938,5095,12.1904534,31948,9847
912,72.0,10306,348071,54939,41.9,79686,35632,4416,8.038005788,48704,6235
913,73.0,10307,63253,15098,38.6,76857,33068,940,6.225990197,14063,1035
914,74.0,10308,71437,29766,43.3,87174,35768,2177,7.313713633,28187,1579
915,75.0,10309,320612,33185,39.1,87509,36925,3134,9.444025915,30237,2948
916,76.0,10310,324055,24394,34.7,68080,29094,4677,19.1727474,14615,9779
917,77.0,10311,38424,0,Info not available,Info not available,Info not available,0,Info not available,0,0
918,78.0,10312,209634,62032,41.5,84584,35984,4023,6.485362394,56839,5193
919,79.0,10314,821441,87600,41.6,77331,33798,7483,8.542237443,67712,19888
920,80.0,10451,1028258,48188,32,26048,16487,17126,35.53996846,5840,42348
921,81.0,10452,191042,75559,30.5,24790,13255,30537,40.41477521,9741,65818
922,82.0,10453,196706,80081,30.9,23095,12377,33928,42.36710331,7866,72215
923,83.0,10454,334416,39012,28.1,20210,11583,18460,47.31877371,7091,31921
924,84.0,10455,358689,41609,30.6,23253,12279,17393,41.80105266,5023,36586
925,85.0,10456,347713,91868,29.8,23956,12553,37827,41.17538207,7770,84098
926,86.0,10457,657438,73763,29.6,24750,12997,29033,39.35984166,8927,64836
927,87.0,10458,563816,79974,29.1,27912,14972,29086,36.36932003,16168,63806
928,88.0,10459,173738,47778,29.1,23761,12847,19097,39.97027921,5968,41810
929,89.0,10460,196641,59512,30.7,23209,13171,24415,41.02533943,8185,51327
930,90.0,10461,903956,51820,37.2,51568,26828,8208,15.83944423,24458,27362
931,91.0,10462,573142,78504,35.3,45760,23220,15397,19.61301335,18463,60041
932,92.0,10463,396031,71981,37.9,56482,32159,12293,17.07811784,31693,40288
933,93.0,10464,40898,4723,47.4,75208,38931,176,3.726445056,3621,1102
934,94.0,10465,479193,45839,40,73776,31168,5944,12.96712406,28699,17140
935,95.0,10466,271260,71138,35.8,42478,20009,14872,20.90584498,5480,65658
936,96.0,10467,1949600,101134,33.4,35117,17540,29653,29.32050547,19575,81559
937,97.0,10468,275543,73637,32.2,34784,16383,23731,32.22700545,9919,63718
938,98.0,10469,301596,72732,38.1,57207,23173,9471,13.02177858,14297,58435
939,99.0,10470,122496,14868,38.1,57706,28806,1900,12.77912295,7223,7645
940,100.0,10471,363982,21727,43,80222,43332,1766,8.1281355,15600,6127
941,101.0,10472,120315,68654,31.2,29308,14443,24067,35.05549567,11906,56748
942,102.0,10473,259409,59352,36.5,36764,19521,16965,28.583704,18409,40943
943,103.0,10474,829736,12686,30.3,26585,11884,4974,39.20857638,2500,10186
944,104.0,10475,377752,43913,46.1,44923,26262,4062,9.250108168,7212,36701
945,105.0,11004,145143,13778,45.6,85968,37119,980,7.112788503,6866,6912
946,106.0,11005,12657,1947,82,58894,70911,43,2.208525937,1912,35
947,107.0,11101,4633058,25880,36.1,48013,36573,5565,21.50309119,12282,13598
948,108.0,11102,327504,35271,33.4,51123,29517,6521,18.48827649,20564,14707
949,109.0,11103,299184,39231,34.1,59243,33013,5979,15.24049859,27953,11278
950,110.0,11104,267575,26718,37.7,55294,31756,3947,14.77281234,17589,9129
951,111.0,11105,583220,37194,34.3,61646,35004,4571,12.2896166,28289,8905
952,112.0,11106,434193,38812,36.4,54109,32723,7676,19.77738844,22154,16658
953,113.0,11109,17255,4702,31.9,129505,84846,435,9.25138239,3153,1549
954,114.0,11201,2913653,58350,35.1,101150,68420,8212,14.07369323,37696,20654
955,115.0,11203,992089,75887,39.6,45936,22342,13325,17.5590022,3131,72756
956,116.0,11204,410695,80486,34.4,46560,20456,19077,23.70225878,51333,29153
957,117.0,11205,631171,43224,29.4,47575,26776,14540,33.63871923,20506,22718
958,118.0,11206,649084,84806,29,30779,18109,31122,36.69787515,39326,45480
959,119.0,11207,603907,94657,31.5,34252,16907,29753,31.432435,12351,82306
960,120.0,11208,389605,93847,31,35698,16010,28449,30.31423487,24972,68875
961,121.0,11209,593505,70803,39.4,62761,38077,10125,14.30024152,53968,16835
962,122.0,11210,331839,67432,35.2,57565,26002,9962,14.77340135,19971,47461
963,123.0,11211,1095279,97772,30.3,54406,33028,29666,30.34202021,75820,21952
964,124.0,11212,508321,88668,32.6,28207,15853,30735,34.66301259,4381,84287
965,125.0,11213,256162,64603,33.1,34701,18722,17661,27.33773973,12886,51717
966,126.0,11214,423060,91295,39.1,49828,23982,17563,19.23763623,48027,43268
967,127.0,11215,993701,70818,34.9,103716,60565,5670,8.006439041,53331,17487
968,128.0,11216,151530,53747,34.6,47107,29655,11142,20.73045937,10992,42755
969,129.0,11217,769029,38511,35.3,87091,56447,4898,12.71844408,21877,16634
970,130.0,11218,439600,75691,32.8,56120,26522,17587,23.23525915,43352,32339
971,131.0,11219,1393906,97670,27.9,35974,14808,34676,35.50322515,64090,33580
972,132.0,11220,1178322,102325,32.6,38893,16447,33608,32.84436843,27422,74903
973,133.0,11221,154398,83372,31.7,40635,20119,22455,26.93350285,25235,58137
974,134.0,11222,842010,35163,34,72409,42785,4522,12.86010864,29322,5841
975,135.0,11223,567460,79385,36.2,43019,23144,15394,19.39157272,50514,28871
976,136.0,11224,204283,43001,46.9,28006,22123,12003,27.91330434,25967,17034
977,137.0,11225,125491,60180,33.5,44911,25206,11768,19.55466933,12524,47656
978,138.0,11226,260583,99026,34.7,43399,22365,19509,19.70088664,12017,87009
979,139.0,11228,207805,47190,39.2,64250,29445,5980,12.67217631,28827,18363
980,140.0,11229,490916,81732,40.7,52168,27330,13085,16.00964127,56370,25362
981,141.0,11230,701230,88589,34.3,41068,23673,21481,24.24793146,61654,26935
982,142.0,11231,533125,35263,36.3,83310,56129,5677,16.09902731,23327,11936
983,143.0,11232,686453,29216,32.9,44474,20530,7606,26.03368018,10628,18588
984,144.0,11233,133335,71589,32.8,33745,19798,22400,31.28972328,4248,67341
985,145.0,11234,709379,95912,39.5,71115,31083,8826,9.202185337,40492,55420
986,146.0,11235,773804,76668,44.6,42818,29254,16126,21.03354724,60928,15740
987,147.0,11236,419906,98276,37.5,58705,25115,14672,14.92938256,5582,92694
988,148.0,11237,510538,54182,29.8,44950,20036,16436,30.33479753,27088,27094
989,149.0,11238,333163,52999,35.1,70873,42536,7416,13.99271684,21739,31260
990,150.0,11239,119048,12924,44,26186,17659,4277,33.09346951,4217,8707
991,151.0,11351,0,0,Info not available,Info not available,Info not available,0,Info not available,0,0
992,152.0,11354,1052160,56908,44.2,44741,23633,11540,20.27834399,13442,43466
993,153.0,11355,1030668,82790,41.4,39168,19180,17649,21.317792,11491,71299
994,154.0,11356,528176,24631,35.6,57194,24718,3033,12.31375096,8832,15799
995,155.0,11357,355874,39737,44.6,73750,35216,2350,5.913883786,29855,9882
996,156.0,11358,211705,37486,42.9,65258,30752,3882,10.35586619,17299,20187
997,157.0,11359,1631,0,Info not available,Info not available,Info not available,0,Info not available,0,0
998,158.0,11360,116728,19605,49.1,80235,43302,1217,6.207600102,13151,6454
999,159.0,11361,417031,30207,41.3,79158,34071,2800,9.269374648,15469,14738
1000,160.0,11362,120020,18139,45.3,86758,40211,1365,7.525221898,9341,8798
1001,161.0,11363,38399,7662,43.8,89219,42925,550,7.178282433,4635,3027
1002,162.0,11364,100689,34949,43.7,72477,34465,2828,8.091790895,14641,20308
1003,163.0,11365,348731,45041,41.4,59520,28720,6295,13.97615506,15660,29381
1004,164.0,11366,109181,13192,40.2,72486,30870,1729,13.10642814,6047,7145
1005,165.0,11367,159505,42667,35.2,56557,26129,5664,13.27489629,24469,18198
1006,166.0,11368,512915,112709,31.5,45004,15834,26515,23.52518432,46673,66036
1007,167.0,11369,226736,39001,35.2,52310,21184,6626,16.98930797,10180,28821
1008,168.0,11370,396623,35507,36.8,53427,20057,4774,13.44523615,13739,21768
1009,169.0,11371,442111,0,Info not available,Info not available,Info not available,0,Info not available,0,0
1010,170.0,11372,321141,64754,39,50485,25805,11792,18.21045804,39399,25355
1011,171.0,11373,740805,98554,37.2,47588,21324,20276,20.5734927,33636,64918
1012,172.0,11374,450156,43399,42.2,52132,32731,6500,14.97730362,25897,17502
1013,173.0,11375,865491,70723,41.9,72414,44879,5961,8.428658287,44384,26339
1014,174.0,11377,681750,90615,36.7,50436,23745,14351,15.83733377,43402,47213
1015,175.0,11378,922988,31756,39.2,57127,30288,3835,12.07645799,24637,7119
1016,176.0,11379,165269,35476,43.3,71551,33256,3418,9.634682602,29972,5504
1017,177.0,11385,576272,102209,35.2,55331,25100,15928,15.58375486,84656,17553
1018,178.0,11411,40640,19208,44.1,81149,31421,746,3.883798417,594,18614
1019,179.0,11412,51561,37832,40.1,72458,25833,3408,9.008246987,713,37119
1020,180.0,11413,251420,42560,38.4,81287,28943,3089,7.257988722,1196,41364
1021,181.0,11414,101386,28700,45.5,68374,34333,2617,9.118466899,23657,5043
1022,182.0,11415,186097,19403,36.8,63756,35221,2020,10.41076122,11755,7648
1023,183.0,11416,408180,26625,33.6,58392,20849,4673,17.55117371,7057,19568
1024,184.0,11417,130939,32415,36.7,62057,24249,5266,16.24556532,12332,20083
1025,185.0,11418,602776,39308,34.5,61480,22529,6392,16.26132085,14142,25166
1026,186.0,11419,104912,49306,35.9,58266,20109,8451,17.13990184,5443,43863
1027,187.0,11420,165575,50820,37,59660,22502,6622,13.03030303,8188,42632
1028,188.0,11421,72231,43024,35.8,60996,23538,6163,14.32456303,20795,22229
1029,189.0,11422,94334,33245,35.1,84955,28435,2848,8.56670176,2563,30682
1030,190.0,11423,112199,31982,40.3,62179,26278,3122,9.761740979,5057,26925
1031,191.0,11424,890,0,Info not available,Info not available,Info not available,0,Info not available,0,0
1032,192.0,11425,145,0,Info not available,Info not available,Info not available,0,Info not available,0,0
1033,193.0,11426,63758,19842,38.5,77146,29612,1947,9.812518899,9251,10591
1034,194.0,11427,121716,23568,41.6,66007,28860,2005,8.507298031,6502,17066
1035,195.0,11428,69022,19744,40.2,67151,22940,2434,12.32779579,4387,15357
1036,196.0,11429,112797,26362,39.6,68684,25051,3075,11.66451711,1230,25132
1037,197.0,11430,1950679,186,42.3,Info not available,7581,155,83.33333333,16,170
1038,198.0,11432,613316,63533,34.8,50702,21903,11768,18.52265752,14346,49187
1039,199.0,11433,175702,34111,33.6,42964,19200,7407,21.71440298,1254,32857
1040,200.0,11434,513994,65892,36.6,58076,23804,8086,12.27159594,1852,64040
1041,201.0,11435,337931,55323,35.3,52686,23672,10148,18.34318457,12152,43171
1042,202.0,11436,31635,19425,35.1,64005,23910,2641,13.5958816,1213,18212
1043,203.0,11451,1344,0,Info not available,Info not available,Info not available,0,Info not available,0,0
1044,204.0,11691,345774,63989,32.4,42023,18571,14344,22.41635281,24947,39042
1045,205.0,11692,58676,18955,35.6,42127,20644,3929,20.72804009,5419,13536
1046,206.0,11693,43309,11194,40.6,53281,27294,2222,19.8499196,6299,4895
1047,207.0,11694,82136,20773,45.1,75094,39931,1166,5.613055408,17004,3769
1048,208.0,11697,14045,4006,44.7,93333,42135,140,3.494757863,3962,44
