,Year,Zip,Total Annual Payroll,Population,Median Age,Household Income,Per Capita Income,Poverty Count,Poverty Rate,Whites Alone,Non Whites
2090,2016,10001,8118354.0,23332.0,35.8,85168.0,86347.0,3922.0,16.809531973255616,14814.0,8518.0
2091,2016,10001,8717306.0,23332.0,35.8,85168.0,86347.0,3922.0,16.809531973255616,14814.0,8518.0
2092,2016,10001,8907912.0,23332.0,35.8,85168.0,86347.0,3922.0,16.809531973255616,14814.0,8518.0
2093,2016,10001,9226142.0,23332.0,35.8,85168.0,86347.0,3922.0,16.809531973255616,14814.0,8518.0
2094,2016,10001,9003675.0,23332.0,35.8,85168.0,86347.0,3922.0,16.809531973255616,14814.0,8518.0
2095,2016,10002,585960.0,78096.0,41.1,35594.0,29666.0,21559.0,27.60576726080721,24591.0,53505.0
2096,2016,10002,617348.0,78096.0,41.1,35594.0,29666.0,21559.0,27.60576726080721,24591.0,53505.0
2097,2016,10002,671500.0,78096.0,41.1,35594.0,29666.0,21559.0,27.60576726080721,24591.0,53505.0
2098,2016,10002,697785.0,78096.0,41.1,35594.0,29666.0,21559.0,27.60576726080721,24591.0,53505.0
2099,2016,10002,723242.0,78096.0,41.1,35594.0,29666.0,21559.0,27.60576726080721,24591.0,53505.0
2100,2016,10003,5244723.0,56767.0,32.2,100791.0,85199.0,4655.0,8.200186728204766,44001.0,12766.0
2101,2016,10003,6479129.0,56767.0,32.2,100791.0,85199.0,4655.0,8.200186728204766,44001.0,12766.0
2102,2016,10003,6887483.0,56767.0,32.2,100791.0,85199.0,4655.0,8.200186728204766,44001.0,12766.0
2103,2016,10003,7065453.0,56767.0,32.2,100791.0,85199.0,4655.0,8.200186728204766,44001.0,12766.0
2104,2016,10003,6918342.0,56767.0,32.2,100791.0,85199.0,4655.0,8.200186728204766,44001.0,12766.0
2105,2016,10004,9670296.0,3044.0,33.9,123056.0,95707.0,147.0,4.829172141918528,2201.0,843.0
2106,2016,10004,9308424.0,3044.0,33.9,123056.0,95707.0,147.0,4.829172141918528,2201.0,843.0
2107,2016,10004,11733524.0,3044.0,33.9,123056.0,95707.0,147.0,4.829172141918528,2201.0,843.0
2108,2016,10004,11405126.0,3044.0,33.9,123056.0,95707.0,147.0,4.829172141918528,2201.0,843.0
2109,2016,10004,5638373.0,3044.0,33.9,123056.0,95707.0,147.0,4.829172141918528,2201.0,843.0
2110,2016,10005,5947321.0,8710.0,29.5,130116.0,99511.0,1052.0,12.078071182548795,6425.0,2285.0
2111,2016,10005,6325335.0,8710.0,29.5,130116.0,99511.0,1052.0,12.078071182548795,6425.0,2285.0
2112,2016,10005,6761564.0,8710.0,29.5,130116.0,99511.0,1052.0,12.078071182548795,6425.0,2285.0
2113,2016,10005,6553790.0,8710.0,29.5,130116.0,99511.0,1052.0,12.078071182548795,6425.0,2285.0
2114,2016,10005,6595876.0,8710.0,29.5,130116.0,99511.0,1052.0,12.078071182548795,6425.0,2285.0
2115,2016,10006,2130252.0,3277.0,31.0,125364.0,100788.0,221.0,6.743973146170277,2162.0,1115.0
2116,2016,10006,2210783.0,3277.0,31.0,125364.0,100788.0,221.0,6.743973146170277,2162.0,1115.0
2117,2016,10006,2300230.0,3277.0,31.0,125364.0,100788.0,221.0,6.743973146170277,2162.0,1115.0
2118,2016,10006,2438770.0,3277.0,31.0,125364.0,100788.0,221.0,6.743973146170277,2162.0,1115.0
2119,2016,10006,2322344.0,3277.0,31.0,125364.0,100788.0,221.0,6.743973146170277,2162.0,1115.0
2120,2016,10007,2299621.0,6740.0,35.9,234958.0,166343.0,200.0,2.967359050445104,4790.0,1950.0
2121,2016,10007,2440063.0,6740.0,35.9,234958.0,166343.0,200.0,2.967359050445104,4790.0,1950.0
2122,2016,10007,2798122.0,6740.0,35.9,234958.0,166343.0,200.0,2.967359050445104,4790.0,1950.0
2123,2016,10007,3148694.0,6740.0,35.9,234958.0,166343.0,200.0,2.967359050445104,4790.0,1950.0
2124,2016,10007,3340212.0,6740.0,35.9,234958.0,166343.0,200.0,2.967359050445104,4790.0,1950.0
2125,2016,10009,378053.0,59799.0,36.3,60788.0,46499.0,13469.0,22.52378802321109,36219.0,23580.0
2126,2016,10009,389801.0,59799.0,36.3,60788.0,46499.0,13469.0,22.52378802321109,36219.0,23580.0
2127,2016,10009,411148.0,59799.0,36.3,60788.0,46499.0,13469.0,22.52378802321109,36219.0,23580.0
2128,2016,10009,442831.0,59799.0,36.3,60788.0,46499.0,13469.0,22.52378802321109,36219.0,23580.0
2129,2016,10009,461216.0,59799.0,36.3,60788.0,46499.0,13469.0,22.52378802321109,36219.0,23580.0
2130,2016,10010,8044200.0,32854.0,35.0,110142.0,83240.0,3587.0,10.918000852255433,24356.0,8498.0
2131,2016,10010,8554029.0,32854.0,35.0,110142.0,83240.0,3587.0,10.918000852255433,24356.0,8498.0
2132,2016,10010,7860140.0,32854.0,35.0,110142.0,83240.0,3587.0,10.918000852255433,24356.0,8498.0
2133,2016,10010,7934210.0,32854.0,35.0,110142.0,83240.0,3587.0,10.918000852255433,24356.0,8498.0
2134,2016,10010,8190046.0,32854.0,35.0,110142.0,83240.0,3587.0,10.918000852255433,24356.0,8498.0
2135,2016,10011,4399264.0,50404.0,39.9,114134.0,113379.0,4806.0,9.53495754305214,40021.0,10383.0
2136,2016,10011,4502863.0,50404.0,39.9,114134.0,113379.0,4806.0,9.53495754305214,40021.0,10383.0
2137,2016,10011,4164642.0,50404.0,39.9,114134.0,113379.0,4806.0,9.53495754305214,40021.0,10383.0
2138,2016,10011,5320272.0,50404.0,39.9,114134.0,113379.0,4806.0,9.53495754305214,40021.0,10383.0
2139,2016,10011,5677603.0,50404.0,39.9,114134.0,113379.0,4806.0,9.53495754305214,40021.0,10383.0
2140,2016,10012,2920888.0,24536.0,34.1,101815.0,79481.0,2421.0,9.867134007173133,18565.0,5971.0
2141,2016,10012,2186536.0,24536.0,34.1,101815.0,79481.0,2421.0,9.867134007173133,18565.0,5971.0
2142,2016,10012,2444313.0,24536.0,34.1,101815.0,79481.0,2421.0,9.867134007173133,18565.0,5971.0
2143,2016,10012,2599324.0,24536.0,34.1,101815.0,79481.0,2421.0,9.867134007173133,18565.0,5971.0
2144,2016,10012,2765485.0,24536.0,34.1,101815.0,79481.0,2421.0,9.867134007173133,18565.0,5971.0
2145,2016,10013,6381052.0,28211.0,36.9,104167.0,108003.0,2805.0,9.942930062741485,15813.0,12398.0
2146,2016,10013,6896775.0,28211.0,36.9,104167.0,108003.0,2805.0,9.942930062741485,15813.0,12398.0
2147,2016,10013,7492878.0,28211.0,36.9,104167.0,108003.0,2805.0,9.942930062741485,15813.0,12398.0
2148,2016,10013,7747673.0,28211.0,36.9,104167.0,108003.0,2805.0,9.942930062741485,15813.0,12398.0
2149,2016,10013,8251251.0,28211.0,36.9,104167.0,108003.0,2805.0,9.942930062741485,15813.0,12398.0
2150,2016,10014,2571695.0,31464.0,36.6,119026.0,115888.0,1874.0,5.956013221459446,27978.0,3486.0
2151,2016,10014,2728947.0,31464.0,36.6,119026.0,115888.0,1874.0,5.956013221459446,27978.0,3486.0
2152,2016,10014,2774296.0,31464.0,36.6,119026.0,115888.0,1874.0,5.956013221459446,27978.0,3486.0
2153,2016,10014,2952515.0,31464.0,36.6,119026.0,115888.0,1874.0,5.956013221459446,27978.0,3486.0
2154,2016,10014,3085067.0,31464.0,36.6,119026.0,115888.0,1874.0,5.956013221459446,27978.0,3486.0
2155,2016,10016,8483270.0,50444.0,33.3,102703.0,87451.0,5095.0,10.100309253826023,36626.0,13818.0
2156,2016,10016,8781787.0,50444.0,33.3,102703.0,87451.0,5095.0,10.100309253826023,36626.0,13818.0
2157,2016,10016,9202349.0,50444.0,33.3,102703.0,87451.0,5095.0,10.100309253826023,36626.0,13818.0
2158,2016,10016,9937677.0,50444.0,33.3,102703.0,87451.0,5095.0,10.100309253826023,36626.0,13818.0
2159,2016,10016,9941135.0,50444.0,33.3,102703.0,87451.0,5095.0,10.100309253826023,36626.0,13818.0
2160,2016,10017,19166152.0,16533.0,37.7,106795.0,103346.0,995.0,6.018266497308414,11965.0,4568.0
2161,2016,10017,19801348.0,16533.0,37.7,106795.0,103346.0,995.0,6.018266497308414,11965.0,4568.0
2162,2016,10017,19910777.0,16533.0,37.7,106795.0,103346.0,995.0,6.018266497308414,11965.0,4568.0
2163,2016,10017,20255599.0,16533.0,37.7,106795.0,103346.0,995.0,6.018266497308414,11965.0,4568.0
2164,2016,10017,20206253.0,16533.0,37.7,106795.0,103346.0,995.0,6.018266497308414,11965.0,4568.0
2165,2016,10018,9874383.0,9684.0,31.2,105479.0,81964.0,1492.0,15.406856670797193,5724.0,3960.0
2166,2016,10018,10174317.0,9684.0,31.2,105479.0,81964.0,1492.0,15.406856670797193,5724.0,3960.0
2167,2016,10018,10547799.0,9684.0,31.2,105479.0,81964.0,1492.0,15.406856670797193,5724.0,3960.0
2168,2016,10018,11103028.0,9684.0,31.2,105479.0,81964.0,1492.0,15.406856670797193,5724.0,3960.0
2169,2016,10018,11358817.0,9684.0,31.2,105479.0,81964.0,1492.0,15.406856670797193,5724.0,3960.0
2170,2016,10019,17441129.0,39505.0,39.2,94477.0,90151.0,4658.0,11.790912542716113,27568.0,11937.0
2171,2016,10019,17952778.0,39505.0,39.2,94477.0,90151.0,4658.0,11.790912542716113,27568.0,11937.0
2172,2016,10019,20099121.0,39505.0,39.2,94477.0,90151.0,4658.0,11.790912542716113,27568.0,11937.0
2173,2016,10019,20942515.0,39505.0,39.2,94477.0,90151.0,4658.0,11.790912542716113,27568.0,11937.0
2174,2016,10019,21082378.0,39505.0,39.2,94477.0,90151.0,4658.0,11.790912542716113,27568.0,11937.0
2180,2016,10021,4782849.0,45261.0,38.4,115681.0,116440.0,3045.0,6.7276463180221375,37409.0,7852.0
2181,2016,10021,4904606.0,45261.0,38.4,115681.0,116440.0,3045.0,6.7276463180221375,37409.0,7852.0
2182,2016,10021,5170312.0,45261.0,38.4,115681.0,116440.0,3045.0,6.7276463180221375,37409.0,7852.0
2183,2016,10021,5561997.0,45261.0,38.4,115681.0,116440.0,3045.0,6.7276463180221375,37409.0,7852.0
2184,2016,10021,5807071.0,45261.0,38.4,115681.0,116440.0,3045.0,6.7276463180221375,37409.0,7852.0
2185,2016,10022,20186272.0,30262.0,45.9,123693.0,133504.0,1454.0,4.804705571343598,25795.0,4467.0
2186,2016,10022,19709651.0,30262.0,45.9,123693.0,133504.0,1454.0,4.804705571343598,25795.0,4467.0
2187,2016,10022,21632582.0,30262.0,45.9,123693.0,133504.0,1454.0,4.804705571343598,25795.0,4467.0
2188,2016,10022,22165514.0,30262.0,45.9,123693.0,133504.0,1454.0,4.804705571343598,25795.0,4467.0
2189,2016,10022,23065864.0,30262.0,45.9,123693.0,133504.0,1454.0,4.804705571343598,25795.0,4467.0
2190,2016,10023,2498714.0,60307.0,42.5,115080.0,111473.0,4419.0,7.327507586184025,49506.0,10801.0
2191,2016,10023,2643590.0,60307.0,42.5,115080.0,111473.0,4419.0,7.327507586184025,49506.0,10801.0
2192,2016,10023,2747011.0,60307.0,42.5,115080.0,111473.0,4419.0,7.327507586184025,49506.0,10801.0
2193,2016,10023,2853723.0,60307.0,42.5,115080.0,111473.0,4419.0,7.327507586184025,49506.0,10801.0
2194,2016,10023,2889492.0,60307.0,42.5,115080.0,111473.0,4419.0,7.327507586184025,49506.0,10801.0
2195,2016,10024,789282.0,58516.0,43.0,118594.0,106735.0,4440.0,7.587668330029393,47632.0,10884.0
2196,2016,10024,796379.0,58516.0,43.0,118594.0,106735.0,4440.0,7.587668330029393,47632.0,10884.0
2197,2016,10024,890513.0,58516.0,43.0,118594.0,106735.0,4440.0,7.587668330029393,47632.0,10884.0
2198,2016,10024,893579.0,58516.0,43.0,118594.0,106735.0,4440.0,7.587668330029393,47632.0,10884.0
2199,2016,10024,947895.0,58516.0,43.0,118594.0,106735.0,4440.0,7.587668330029393,47632.0,10884.0
2200,2016,10025,1007483.0,94717.0,40.6,80025.0,63711.0,14515.0,15.324598540916623,62509.0,32208.0
2201,2016,10025,1029719.0,94717.0,40.6,80025.0,63711.0,14515.0,15.324598540916623,62509.0,32208.0
2202,2016,10025,972374.0,94717.0,40.6,80025.0,63711.0,14515.0,15.324598540916623,62509.0,32208.0
2203,2016,10025,1004626.0,94717.0,40.6,80025.0,63711.0,14515.0,15.324598540916623,62509.0,32208.0
2204,2016,10025,1009275.0,94717.0,40.6,80025.0,63711.0,14515.0,15.324598540916623,62509.0,32208.0
2205,2016,10026,84881.0,38540.0,34.4,52082.0,36542.0,10994.0,28.52620653866113,10025.0,28515.0
2206,2016,10026,84055.0,38540.0,34.4,52082.0,36542.0,10994.0,28.52620653866113,10025.0,28515.0
2207,2016,10026,93200.0,38540.0,34.4,52082.0,36542.0,10994.0,28.52620653866113,10025.0,28515.0
2208,2016,10026,104482.0,38540.0,34.4,52082.0,36542.0,10994.0,28.52620653866113,10025.0,28515.0
2209,2016,10026,114133.0,38540.0,34.4,52082.0,36542.0,10994.0,28.52620653866113,10025.0,28515.0
2210,2016,10027,2135055.0,64120.0,30.6,42754.0,28396.0,17374.0,27.096069868995638,19234.0,44886.0
2211,2016,10027,2242627.0,64120.0,30.6,42754.0,28396.0,17374.0,27.096069868995638,19234.0,44886.0
2212,2016,10027,2396356.0,64120.0,30.6,42754.0,28396.0,17374.0,27.096069868995638,19234.0,44886.0
2213,2016,10027,2554411.0,64120.0,30.6,42754.0,28396.0,17374.0,27.096069868995638,19234.0,44886.0
2214,2016,10027,2683670.0,64120.0,30.6,42754.0,28396.0,17374.0,27.096069868995638,19234.0,44886.0
2215,2016,10028,1168628.0,48205.0,39.6,111302.0,108183.0,2840.0,5.891505030598487,41499.0,6706.0
2216,2016,10028,1165739.0,48205.0,39.6,111302.0,108183.0,2840.0,5.891505030598487,41499.0,6706.0
2217,2016,10028,851563.0,48205.0,39.6,111302.0,108183.0,2840.0,5.891505030598487,41499.0,6706.0
2218,2016,10028,946715.0,48205.0,39.6,111302.0,108183.0,2840.0,5.891505030598487,41499.0,6706.0
2219,2016,10028,920912.0,48205.0,39.6,111302.0,108183.0,2840.0,5.891505030598487,41499.0,6706.0
2221,2016,10029,1757880.0,79411.0,33.6,32500.0,27030.0,24025.0,30.25399503847074,27547.0,51864.0
2222,2016,10029,1896625.0,79411.0,33.6,32500.0,27030.0,24025.0,30.25399503847074,27547.0,51864.0
2223,2016,10029,2206982.0,79411.0,33.6,32500.0,27030.0,24025.0,30.25399503847074,27547.0,51864.0
2224,2016,10029,2093073.0,79411.0,33.6,32500.0,27030.0,24025.0,30.25399503847074,27547.0,51864.0
2225,2016,10030,70986.0,30358.0,34.1,33720.0,24542.0,9351.0,30.802424402134534,4829.0,25529.0
2226,2016,10030,73792.0,30358.0,34.1,33720.0,24542.0,9351.0,30.802424402134534,4829.0,25529.0
2227,2016,10030,79001.0,30358.0,34.1,33720.0,24542.0,9351.0,30.802424402134534,4829.0,25529.0
2228,2016,10030,79175.0,30358.0,34.1,33720.0,24542.0,9351.0,30.802424402134534,4829.0,25529.0
2229,2016,10030,83392.0,30358.0,34.1,33720.0,24542.0,9351.0,30.802424402134534,4829.0,25529.0
2230,2016,10031,127323.0,60778.0,34.4,41848.0,24556.0,14753.0,24.273585836980487,17689.0,43089.0
2231,2016,10031,119632.0,60778.0,34.4,41848.0,24556.0,14753.0,24.273585836980487,17689.0,43089.0
2232,2016,10031,123331.0,60778.0,34.4,41848.0,24556.0,14753.0,24.273585836980487,17689.0,43089.0
2233,2016,10031,138203.0,60778.0,34.4,41848.0,24556.0,14753.0,24.273585836980487,17689.0,43089.0
2234,2016,10031,148153.0,60778.0,34.4,41848.0,24556.0,14753.0,24.273585836980487,17689.0,43089.0
2238,2016,10032,1231308.0,63189.0,34.2,40054.0,20843.0,16912.0,26.764151988479014,19928.0,43261.0
2239,2016,10032,1224277.0,63189.0,34.2,40054.0,20843.0,16912.0,26.764151988479014,19928.0,43261.0
2240,2016,10033,248456.0,59353.0,35.4,46349.0,24421.0,14507.0,24.441898471854834,24531.0,34822.0
2241,2016,10033,234589.0,59353.0,35.4,46349.0,24421.0,14507.0,24.441898471854834,24531.0,34822.0
2242,2016,10033,236063.0,59353.0,35.4,46349.0,24421.0,14507.0,24.441898471854834,24531.0,34822.0
2243,2016,10033,229284.0,59353.0,35.4,46349.0,24421.0,14507.0,24.441898471854834,24531.0,34822.0
2244,2016,10033,207691.0,59353.0,35.4,46349.0,24421.0,14507.0,24.441898471854834,24531.0,34822.0
2245,2016,10034,104865.0,43951.0,35.7,45643.0,24538.0,11005.0,25.03924825373712,17431.0,26520.0
2246,2016,10034,116870.0,43951.0,35.7,45643.0,24538.0,11005.0,25.03924825373712,17431.0,26520.0
2247,2016,10034,128458.0,43951.0,35.7,45643.0,24538.0,11005.0,25.03924825373712,17431.0,26520.0
2248,2016,10034,139458.0,43951.0,35.7,45643.0,24538.0,11005.0,25.03924825373712,17431.0,26520.0
2249,2016,10034,144381.0,43951.0,35.7,45643.0,24538.0,11005.0,25.03924825373712,17431.0,26520.0
2250,2016,10035,394245.0,34187.0,35.9,26893.0,20743.0,13205.0,38.625793430251264,7486.0,26701.0
2251,2016,10035,417421.0,34187.0,35.9,26893.0,20743.0,13205.0,38.625793430251264,7486.0,26701.0
2252,2016,10035,439353.0,34187.0,35.9,26893.0,20743.0,13205.0,38.625793430251264,7486.0,26701.0
2253,2016,10035,459685.0,34187.0,35.9,26893.0,20743.0,13205.0,38.625793430251264,7486.0,26701.0
2254,2016,10035,478261.0,34187.0,35.9,26893.0,20743.0,13205.0,38.625793430251264,7486.0,26701.0
2255,2016,10036,17934538.0,25987.0,36.6,83812.0,77208.0,3233.0,12.440835802516643,16688.0,9299.0
2256,2016,10036,18574641.0,25987.0,36.6,83812.0,77208.0,3233.0,12.440835802516643,16688.0,9299.0
2257,2016,10036,21494876.0,25987.0,36.6,83812.0,77208.0,3233.0,12.440835802516643,16688.0,9299.0
2258,2016,10036,21157903.0,25987.0,36.6,83812.0,77208.0,3233.0,12.440835802516643,16688.0,9299.0
2259,2016,10036,20909385.0,25987.0,36.6,83812.0,77208.0,3233.0,12.440835802516643,16688.0,9299.0
2260,2016,10037,187355.0,20112.0,34.9,39463.0,26927.0,5813.0,28.903142402545747,2161.0,17951.0
2261,2016,10037,175993.0,20112.0,34.9,39463.0,26927.0,5813.0,28.903142402545747,2161.0,17951.0
2262,2016,10037,190490.0,20112.0,34.9,39463.0,26927.0,5813.0,28.903142402545747,2161.0,17951.0
2263,2016,10037,215384.0,20112.0,34.9,39463.0,26927.0,5813.0,28.903142402545747,2161.0,17951.0
2264,2016,10037,231498.0,20112.0,34.9,39463.0,26927.0,5813.0,28.903142402545747,2161.0,17951.0
2265,2016,10038,3179290.0,22300.0,34.6,82910.0,59706.0,3763.0,16.87443946188341,11212.0,11088.0
2266,2016,10038,3624536.0,22300.0,34.6,82910.0,59706.0,3763.0,16.87443946188341,11212.0,11088.0
2267,2016,10038,3767995.0,22300.0,34.6,82910.0,59706.0,3763.0,16.87443946188341,11212.0,11088.0
2268,2016,10038,3718783.0,22300.0,34.6,82910.0,59706.0,3763.0,16.87443946188341,11212.0,11088.0
2269,2016,10038,3630246.0,22300.0,34.6,82910.0,59706.0,3763.0,16.87443946188341,11212.0,11088.0
2270,2016,10039,42711.0,27471.0,32.3,32257.0,21880.0,8387.0,30.53037748898839,3260.0,24211.0
2271,2016,10039,44159.0,27471.0,32.3,32257.0,21880.0,8387.0,30.53037748898839,3260.0,24211.0
2272,2016,10039,47149.0,27471.0,32.3,32257.0,21880.0,8387.0,30.53037748898839,3260.0,24211.0
2273,2016,10039,49017.0,27471.0,32.3,32257.0,21880.0,8387.0,30.53037748898839,3260.0,24211.0
2274,2016,10039,45596.0,27471.0,32.3,32257.0,21880.0,8387.0,30.53037748898839,3260.0,24211.0
2275,2016,10040,124378.0,45033.0,37.7,45811.0,23744.0,9907.0,21.99942264561544,16353.0,28680.0
2276,2016,10040,135195.0,45033.0,37.7,45811.0,23744.0,9907.0,21.99942264561544,16353.0,28680.0
2277,2016,10040,133822.0,45033.0,37.7,45811.0,23744.0,9907.0,21.99942264561544,16353.0,28680.0
2278,2016,10040,138107.0,45033.0,37.7,45811.0,23744.0,9907.0,21.99942264561544,16353.0,28680.0
2279,2016,10040,143035.0,45033.0,37.7,45811.0,23744.0,9907.0,21.99942264561544,16353.0,28680.0
2280,2016,10044,119005.0,11731.0,39.5,86483.0,49076.0,1478.0,12.59909641121814,6234.0,5497.0
2281,2016,10044,88073.0,11731.0,39.5,86483.0,49076.0,1478.0,12.59909641121814,6234.0,5497.0
2282,2016,10044,80733.0,11731.0,39.5,86483.0,49076.0,1478.0,12.59909641121814,6234.0,5497.0
2283,2016,10044,84344.0,11731.0,39.5,86483.0,49076.0,1478.0,12.59909641121814,6234.0,5497.0
2284,2016,10044,30299.0,11731.0,39.5,86483.0,49076.0,1478.0,12.59909641121814,6234.0,5497.0
2285,2016,10069,23658.0,5231.0,34.1,155702.0,122444.0,474.0,9.061364939782068,3764.0,1467.0
2286,2016,10069,32932.0,5231.0,34.1,155702.0,122444.0,474.0,9.061364939782068,3764.0,1467.0
2287,2016,10069,25573.0,5231.0,34.1,155702.0,122444.0,474.0,9.061364939782068,3764.0,1467.0
2288,2016,10069,27663.0,5231.0,34.1,155702.0,122444.0,474.0,9.061364939782068,3764.0,1467.0
2289,2016,10069,33332.0,5231.0,34.1,155702.0,122444.0,474.0,9.061364939782068,3764.0,1467.0
2320,2016,10128,689122.0,63006.0,38.9,103817.0,92067.0,4205.0,6.6739675586452085,50826.0,12180.0
2321,2016,10128,728160.0,63006.0,38.9,103817.0,92067.0,4205.0,6.6739675586452085,50826.0,12180.0
2322,2016,10128,778465.0,63006.0,38.9,103817.0,92067.0,4205.0,6.6739675586452085,50826.0,12180.0
2323,2016,10128,859011.0,63006.0,38.9,103817.0,92067.0,4205.0,6.6739675586452085,50826.0,12180.0
2324,2016,10128,909060.0,63006.0,38.9,103817.0,92067.0,4205.0,6.6739675586452085,50826.0,12180.0
2415,2016,10280,52044.0,9845.0,37.5,146875.0,101003.0,567.0,5.759268664296597,7584.0,2261.0
2416,2016,10280,45198.0,9845.0,37.5,146875.0,101003.0,567.0,5.759268664296597,7584.0,2261.0
2417,2016,10280,48718.0,9845.0,37.5,146875.0,101003.0,567.0,5.759268664296597,7584.0,2261.0
2418,2016,10280,51024.0,9845.0,37.5,146875.0,101003.0,567.0,5.759268664296597,7584.0,2261.0
2419,2016,10280,49296.0,9845.0,37.5,146875.0,101003.0,567.0,5.759268664296597,7584.0,2261.0
2420,2016,10282,162829.0,5635.0,34.5,250001.0,132007.0,268.0,4.7559893522626435,3986.0,1649.0
2421,2016,10282,184307.0,5635.0,34.5,250001.0,132007.0,268.0,4.7559893522626435,3986.0,1649.0
2422,2016,10282,177850.0,5635.0,34.5,250001.0,132007.0,268.0,4.7559893522626435,3986.0,1649.0
2423,2016,10282,166253.0,5635.0,34.5,250001.0,132007.0,268.0,4.7559893522626435,3986.0,1649.0
2425,2016,10301,241178.0,39519.0,36.9,55700.0,28233.0,8885.0,22.482856347579645,21218.0,18301.0
2426,2016,10301,241362.0,39519.0,36.9,55700.0,28233.0,8885.0,22.482856347579645,21218.0,18301.0
2427,2016,10301,249271.0,39519.0,36.9,55700.0,28233.0,8885.0,22.482856347579645,21218.0,18301.0
2428,2016,10301,266181.0,39519.0,36.9,55700.0,28233.0,8885.0,22.482856347579645,21218.0,18301.0
2429,2016,10301,271471.0,39519.0,36.9,55700.0,28233.0,8885.0,22.482856347579645,21218.0,18301.0
2430,2016,10302,196798.0,17758.0,33.6,55864.0,24433.0,4027.0,22.677103277396107,10741.0,7017.0
2431,2016,10302,205721.0,17758.0,33.6,55864.0,24433.0,4027.0,22.677103277396107,10741.0,7017.0
2432,2016,10302,179749.0,17758.0,33.6,55864.0,24433.0,4027.0,22.677103277396107,10741.0,7017.0
2433,2016,10302,205610.0,17758.0,33.6,55864.0,24433.0,4027.0,22.677103277396107,10741.0,7017.0
2434,2016,10302,232032.0,17758.0,33.6,55864.0,24433.0,4027.0,22.677103277396107,10741.0,7017.0
2435,2016,10303,242703.0,24562.0,32.5,55198.0,21991.0,6175.0,25.140460874521622,9863.0,14699.0
2436,2016,10303,256723.0,24562.0,32.5,55198.0,21991.0,6175.0,25.140460874521622,9863.0,14699.0
2437,2016,10303,233842.0,24562.0,32.5,55198.0,21991.0,6175.0,25.140460874521622,9863.0,14699.0
2438,2016,10303,306306.0,24562.0,32.5,55198.0,21991.0,6175.0,25.140460874521622,9863.0,14699.0
2439,2016,10303,321219.0,24562.0,32.5,55198.0,21991.0,6175.0,25.140460874521622,9863.0,14699.0
2440,2016,10304,188040.0,42054.0,36.5,53843.0,30064.0,8828.0,20.992057830408523,22216.0,19838.0
2441,2016,10304,191539.0,42054.0,36.5,53843.0,30064.0,8828.0,20.992057830408523,22216.0,19838.0
2442,2016,10304,197151.0,42054.0,36.5,53843.0,30064.0,8828.0,20.992057830408523,22216.0,19838.0
2443,2016,10304,202191.0,42054.0,36.5,53843.0,30064.0,8828.0,20.992057830408523,22216.0,19838.0
2444,2016,10304,210633.0,42054.0,36.5,53843.0,30064.0,8828.0,20.992057830408523,22216.0,19838.0
2445,2016,10305,663763.0,41533.0,39.6,74063.0,30422.0,4993.0,12.021765824765847,31588.0,9945.0
2446,2016,10305,708901.0,41533.0,39.6,74063.0,30422.0,4993.0,12.021765824765847,31588.0,9945.0
2447,2016,10305,708914.0,41533.0,39.6,74063.0,30422.0,4993.0,12.021765824765847,31588.0,9945.0
2448,2016,10305,790260.0,41533.0,39.6,74063.0,30422.0,4993.0,12.021765824765847,31588.0,9945.0
2449,2016,10305,820809.0,41533.0,39.6,74063.0,30422.0,4993.0,12.021765824765847,31588.0,9945.0
2450,2016,10306,292266.0,55031.0,42.3,78745.0,35191.0,4793.0,8.709636386763824,48996.0,6035.0
2451,2016,10306,301537.0,55031.0,42.3,78745.0,35191.0,4793.0,8.709636386763824,48996.0,6035.0
2452,2016,10306,317288.0,55031.0,42.3,78745.0,35191.0,4793.0,8.709636386763824,48996.0,6035.0
2453,2016,10306,348071.0,55031.0,42.3,78745.0,35191.0,4793.0,8.709636386763824,48996.0,6035.0
2454,2016,10306,345812.0,55031.0,42.3,78745.0,35191.0,4793.0,8.709636386763824,48996.0,6035.0
2455,2016,10307,50613.0,15275.0,38.0,77278.0,36505.0,1156.0,7.567921440261866,14322.0,953.0
2456,2016,10307,55257.0,15275.0,38.0,77278.0,36505.0,1156.0,7.567921440261866,14322.0,953.0
2457,2016,10307,59912.0,15275.0,38.0,77278.0,36505.0,1156.0,7.567921440261866,14322.0,953.0
2458,2016,10307,63253.0,15275.0,38.0,77278.0,36505.0,1156.0,7.567921440261866,14322.0,953.0
2459,2016,10307,54830.0,15275.0,38.0,77278.0,36505.0,1156.0,7.567921440261866,14322.0,953.0
2460,2016,10308,56903.0,30347.0,42.7,87493.0,35044.0,2084.0,6.867235641084787,28094.0,2253.0
2461,2016,10308,59199.0,30347.0,42.7,87493.0,35044.0,2084.0,6.867235641084787,28094.0,2253.0
2462,2016,10308,65208.0,30347.0,42.7,87493.0,35044.0,2084.0,6.867235641084787,28094.0,2253.0
2463,2016,10308,71437.0,30347.0,42.7,87493.0,35044.0,2084.0,6.867235641084787,28094.0,2253.0
2464,2016,10308,79489.0,30347.0,42.7,87493.0,35044.0,2084.0,6.867235641084787,28094.0,2253.0
2465,2016,10309,317666.0,33459.0,39.8,93248.0,38443.0,2990.0,8.936310110881974,29960.0,3499.0
2466,2016,10309,328894.0,33459.0,39.8,93248.0,38443.0,2990.0,8.936310110881974,29960.0,3499.0
2467,2016,10309,314197.0,33459.0,39.8,93248.0,38443.0,2990.0,8.936310110881974,29960.0,3499.0
2468,2016,10309,320612.0,33459.0,39.8,93248.0,38443.0,2990.0,8.936310110881974,29960.0,3499.0
2469,2016,10309,338636.0,33459.0,39.8,93248.0,38443.0,2990.0,8.936310110881974,29960.0,3499.0
2470,2016,10310,298136.0,24250.0,35.6,69201.0,29660.0,4389.0,18.09896907216495,14641.0,9609.0
2471,2016,10310,301962.0,24250.0,35.6,69201.0,29660.0,4389.0,18.09896907216495,14641.0,9609.0
2472,2016,10310,309396.0,24250.0,35.6,69201.0,29660.0,4389.0,18.09896907216495,14641.0,9609.0
2473,2016,10310,324055.0,24250.0,35.6,69201.0,29660.0,4389.0,18.09896907216495,14641.0,9609.0
2474,2016,10310,346052.0,24250.0,35.6,69201.0,29660.0,4389.0,18.09896907216495,14641.0,9609.0
2480,2016,10312,152363.0,60951.0,41.9,88567.0,37173.0,3985.0,6.538038752440484,55873.0,5078.0
2481,2016,10312,180409.0,60951.0,41.9,88567.0,37173.0,3985.0,6.538038752440484,55873.0,5078.0
2482,2016,10312,202572.0,60951.0,41.9,88567.0,37173.0,3985.0,6.538038752440484,55873.0,5078.0
2483,2016,10312,209634.0,60951.0,41.9,88567.0,37173.0,3985.0,6.538038752440484,55873.0,5078.0
2484,2016,10312,258524.0,60951.0,41.9,88567.0,37173.0,3985.0,6.538038752440484,55873.0,5078.0
2485,2016,10314,701722.0,88585.0,41.1,77761.0,34099.0,8225.0,9.284867641248518,67895.0,20690.0
2486,2016,10314,759811.0,88585.0,41.1,77761.0,34099.0,8225.0,9.284867641248518,67895.0,20690.0
2487,2016,10314,802699.0,88585.0,41.1,77761.0,34099.0,8225.0,9.284867641248518,67895.0,20690.0
2488,2016,10314,821441.0,88585.0,41.1,77761.0,34099.0,8225.0,9.284867641248518,67895.0,20690.0
2489,2016,10314,869649.0,88585.0,41.1,77761.0,34099.0,8225.0,9.284867641248518,67895.0,20690.0
2490,2016,10451,945296.0,48289.0,32.2,26419.0,17663.0,17377.0,35.98542111039781,5166.0,43123.0
2491,2016,10451,968999.0,48289.0,32.2,26419.0,17663.0,17377.0,35.98542111039781,5166.0,43123.0
2492,2016,10451,1015618.0,48289.0,32.2,26419.0,17663.0,17377.0,35.98542111039781,5166.0,43123.0
2493,2016,10451,1028258.0,48289.0,32.2,26419.0,17663.0,17377.0,35.98542111039781,5166.0,43123.0
2494,2016,10451,997834.0,48289.0,32.2,26419.0,17663.0,17377.0,35.98542111039781,5166.0,43123.0
2495,2016,10452,162531.0,75288.0,31.0,25771.0,14136.0,29418.0,39.07395600892573,8364.0,66924.0
2496,2016,10452,163275.0,75288.0,31.0,25771.0,14136.0,29418.0,39.07395600892573,8364.0,66924.0
2497,2016,10452,170661.0,75288.0,31.0,25771.0,14136.0,29418.0,39.07395600892573,8364.0,66924.0
2498,2016,10452,191042.0,75288.0,31.0,25771.0,14136.0,29418.0,39.07395600892573,8364.0,66924.0
2499,2016,10452,242857.0,75288.0,31.0,25771.0,14136.0,29418.0,39.07395600892573,8364.0,66924.0
2500,2016,10453,150223.0,80516.0,30.1,22914.0,12702.0,34516.0,42.86849818669582,8376.0,72140.0
2501,2016,10453,169694.0,80516.0,30.1,22914.0,12702.0,34516.0,42.86849818669582,8376.0,72140.0
2502,2016,10453,184739.0,80516.0,30.1,22914.0,12702.0,34516.0,42.86849818669582,8376.0,72140.0
2503,2016,10453,196706.0,80516.0,30.1,22914.0,12702.0,34516.0,42.86849818669582,8376.0,72140.0
2504,2016,10453,208154.0,80516.0,30.1,22914.0,12702.0,34516.0,42.86849818669582,8376.0,72140.0
2505,2016,10454,316478.0,38938.0,28.3,21553.0,12325.0,18060.0,46.381426883763936,6074.0,32864.0
2506,2016,10454,308047.0,38938.0,28.3,21553.0,12325.0,18060.0,46.381426883763936,6074.0,32864.0
2507,2016,10454,331808.0,38938.0,28.3,21553.0,12325.0,18060.0,46.381426883763936,6074.0,32864.0
2508,2016,10454,334416.0,38938.0,28.3,21553.0,12325.0,18060.0,46.381426883763936,6074.0,32864.0
2509,2016,10454,328832.0,38938.0,28.3,21553.0,12325.0,18060.0,46.381426883763936,6074.0,32864.0
2510,2016,10455,267245.0,42779.0,30.5,23962.0,12897.0,18082.0,42.26840272096122,3963.0,38816.0
2511,2016,10455,314802.0,42779.0,30.5,23962.0,12897.0,18082.0,42.26840272096122,3963.0,38816.0
2512,2016,10455,337972.0,42779.0,30.5,23962.0,12897.0,18082.0,42.26840272096122,3963.0,38816.0
2513,2016,10455,358689.0,42779.0,30.5,23962.0,12897.0,18082.0,42.26840272096122,3963.0,38816.0
2514,2016,10455,354356.0,42779.0,30.5,23962.0,12897.0,18082.0,42.26840272096122,3963.0,38816.0
2515,2016,10456,305092.0,92712.0,30.0,25868.0,13274.0,37123.0,40.041202864785575,7933.0,84779.0
2516,2016,10456,324429.0,92712.0,30.0,25868.0,13274.0,37123.0,40.041202864785575,7933.0,84779.0
2518,2016,10456,347713.0,92712.0,30.0,25868.0,13274.0,37123.0,40.041202864785575,7933.0,84779.0
2519,2016,10456,364927.0,92712.0,30.0,25868.0,13274.0,37123.0,40.041202864785575,7933.0,84779.0
2520,2016,10457,564780.0,74010.0,29.6,25967.0,13626.0,28318.0,38.262396973381975,8596.0,65414.0
2521,2016,10457,591888.0,74010.0,29.6,25967.0,13626.0,28318.0,38.262396973381975,8596.0,65414.0
2522,2016,10457,596711.0,74010.0,29.6,25967.0,13626.0,28318.0,38.262396973381975,8596.0,65414.0
2523,2016,10457,657438.0,74010.0,29.6,25967.0,13626.0,28318.0,38.262396973381975,8596.0,65414.0
2524,2016,10457,678370.0,74010.0,29.6,25967.0,13626.0,28318.0,38.262396973381975,8596.0,65414.0
2525,2016,10458,448841.0,81698.0,29.1,30339.0,15656.0,29446.0,36.04249798036672,15769.0,65929.0
2526,2016,10458,480373.0,81698.0,29.1,30339.0,15656.0,29446.0,36.04249798036672,15769.0,65929.0
2527,2016,10458,509190.0,81698.0,29.1,30339.0,15656.0,29446.0,36.04249798036672,15769.0,65929.0
2528,2016,10458,563816.0,81698.0,29.1,30339.0,15656.0,29446.0,36.04249798036672,15769.0,65929.0
2529,2016,10458,572396.0,81698.0,29.1,30339.0,15656.0,29446.0,36.04249798036672,15769.0,65929.0
2530,2016,10459,132565.0,47972.0,29.8,24805.0,13167.0,18154.0,37.84290836321188,5636.0,42336.0
2531,2016,10459,133864.0,47972.0,29.8,24805.0,13167.0,18154.0,37.84290836321188,5636.0,42336.0
2532,2016,10459,152908.0,47972.0,29.8,24805.0,13167.0,18154.0,37.84290836321188,5636.0,42336.0
2533,2016,10459,173738.0,47972.0,29.8,24805.0,13167.0,18154.0,37.84290836321188,5636.0,42336.0
2534,2016,10459,178279.0,47972.0,29.8,24805.0,13167.0,18154.0,37.84290836321188,5636.0,42336.0
2535,2016,10460,206410.0,60266.0,30.8,24086.0,13186.0,24747.0,41.06295423621943,8084.0,52182.0
2536,2016,10460,203482.0,60266.0,30.8,24086.0,13186.0,24747.0,41.06295423621943,8084.0,52182.0
2537,2016,10460,200098.0,60266.0,30.8,24086.0,13186.0,24747.0,41.06295423621943,8084.0,52182.0
2538,2016,10460,196641.0,60266.0,30.8,24086.0,13186.0,24747.0,41.06295423621943,8084.0,52182.0
2539,2016,10460,210272.0,60266.0,30.8,24086.0,13186.0,24747.0,41.06295423621943,8084.0,52182.0
2540,2016,10461,897472.0,50255.0,38.1,55332.0,28443.0,7278.0,14.482141080489507,23975.0,26280.0
2541,2016,10461,890633.0,50255.0,38.1,55332.0,28443.0,7278.0,14.482141080489507,23975.0,26280.0
2542,2016,10461,902152.0,50255.0,38.1,55332.0,28443.0,7278.0,14.482141080489507,23975.0,26280.0
2543,2016,10461,903956.0,50255.0,38.1,55332.0,28443.0,7278.0,14.482141080489507,23975.0,26280.0
2544,2016,10461,903154.0,50255.0,38.1,55332.0,28443.0,7278.0,14.482141080489507,23975.0,26280.0
2545,2016,10462,534122.0,78725.0,35.1,48315.0,23628.0,15589.0,19.801841854557,17569.0,61156.0
2546,2016,10462,544071.0,78725.0,35.1,48315.0,23628.0,15589.0,19.801841854557,17569.0,61156.0
2547,2016,10462,542297.0,78725.0,35.1,48315.0,23628.0,15589.0,19.801841854557,17569.0,61156.0
2548,2016,10462,573142.0,78725.0,35.1,48315.0,23628.0,15589.0,19.801841854557,17569.0,61156.0
2549,2016,10462,593057.0,78725.0,35.1,48315.0,23628.0,15589.0,19.801841854557,17569.0,61156.0
2550,2016,10463,334489.0,71657.0,37.7,56568.0,31875.0,12278.0,17.13440417544692,30893.0,40764.0
2551,2016,10463,360791.0,71657.0,37.7,56568.0,31875.0,12278.0,17.13440417544692,30893.0,40764.0
2552,2016,10463,395981.0,71657.0,37.7,56568.0,31875.0,12278.0,17.13440417544692,30893.0,40764.0
2553,2016,10463,396031.0,71657.0,37.7,56568.0,31875.0,12278.0,17.13440417544692,30893.0,40764.0
2554,2016,10463,400793.0,71657.0,37.7,56568.0,31875.0,12278.0,17.13440417544692,30893.0,40764.0
2555,2016,10464,35900.0,4300.0,47.5,76917.0,40808.0,178.0,4.1395348837209305,3262.0,1038.0
2556,2016,10464,36567.0,4300.0,47.5,76917.0,40808.0,178.0,4.1395348837209305,3262.0,1038.0
2557,2016,10464,38817.0,4300.0,47.5,76917.0,40808.0,178.0,4.1395348837209305,3262.0,1038.0
2558,2016,10464,40898.0,4300.0,47.5,76917.0,40808.0,178.0,4.1395348837209305,3262.0,1038.0
2559,2016,10464,38448.0,4300.0,47.5,76917.0,40808.0,178.0,4.1395348837209305,3262.0,1038.0
2560,2016,10465,456505.0,44950.0,40.5,73068.0,32177.0,5819.0,12.945494994438267,27291.0,17659.0
2561,2016,10465,488768.0,44950.0,40.5,73068.0,32177.0,5819.0,12.945494994438267,27291.0,17659.0
2562,2016,10465,463938.0,44950.0,40.5,73068.0,32177.0,5819.0,12.945494994438267,27291.0,17659.0
2563,2016,10465,479193.0,44950.0,40.5,73068.0,32177.0,5819.0,12.945494994438267,27291.0,17659.0
2564,2016,10465,487516.0,44950.0,40.5,73068.0,32177.0,5819.0,12.945494994438267,27291.0,17659.0
2565,2016,10466,212459.0,71645.0,35.9,44354.0,21252.0,14014.0,19.560332193453835,6235.0,65410.0
2566,2016,10466,217359.0,71645.0,35.9,44354.0,21252.0,14014.0,19.560332193453835,6235.0,65410.0
2567,2016,10466,236673.0,71645.0,35.9,44354.0,21252.0,14014.0,19.560332193453835,6235.0,65410.0
2568,2016,10466,271260.0,71645.0,35.9,44354.0,21252.0,14014.0,19.560332193453835,6235.0,65410.0
2569,2016,10466,287760.0,71645.0,35.9,44354.0,21252.0,14014.0,19.560332193453835,6235.0,65410.0
2573,2016,10467,1949600.0,103045.0,33.4,34964.0,17484.0,30353.0,29.456062885147265,20637.0,82408.0
2574,2016,10467,2038995.0,103045.0,33.4,34964.0,17484.0,30353.0,29.456062885147265,20637.0,82408.0
2575,2016,10468,263546.0,75537.0,32.0,34988.0,16705.0,23568.0,31.200603677667896,10633.0,64904.0
2576,2016,10468,263776.0,75537.0,32.0,34988.0,16705.0,23568.0,31.200603677667896,10633.0,64904.0
2577,2016,10468,254352.0,75537.0,32.0,34988.0,16705.0,23568.0,31.200603677667896,10633.0,64904.0
2578,2016,10468,275543.0,75537.0,32.0,34988.0,16705.0,23568.0,31.200603677667896,10633.0,64904.0
2579,2016,10468,275274.0,75537.0,32.0,34988.0,16705.0,23568.0,31.200603677667896,10633.0,64904.0
2580,2016,10469,268267.0,71664.0,38.6,57124.0,23628.0,10244.0,14.294485376200043,13370.0,58294.0
2581,2016,10469,273820.0,71664.0,38.6,57124.0,23628.0,10244.0,14.294485376200043,13370.0,58294.0
2582,2016,10469,279951.0,71664.0,38.6,57124.0,23628.0,10244.0,14.294485376200043,13370.0,58294.0
2583,2016,10469,301596.0,71664.0,38.6,57124.0,23628.0,10244.0,14.294485376200043,13370.0,58294.0
2584,2016,10469,303834.0,71664.0,38.6,57124.0,23628.0,10244.0,14.294485376200043,13370.0,58294.0
2585,2016,10470,94796.0,14574.0,39.8,58839.0,29849.0,1795.0,12.316453959105255,6805.0,7769.0
2586,2016,10470,92425.0,14574.0,39.8,58839.0,29849.0,1795.0,12.316453959105255,6805.0,7769.0
2587,2016,10470,104088.0,14574.0,39.8,58839.0,29849.0,1795.0,12.316453959105255,6805.0,7769.0
2588,2016,10470,122496.0,14574.0,39.8,58839.0,29849.0,1795.0,12.316453959105255,6805.0,7769.0
2589,2016,10470,162187.0,14574.0,39.8,58839.0,29849.0,1795.0,12.316453959105255,6805.0,7769.0
2590,2016,10471,300530.0,21601.0,42.7,81594.0,44640.0,1987.0,9.198648210730985,15290.0,6311.0
2591,2016,10471,332034.0,21601.0,42.7,81594.0,44640.0,1987.0,9.198648210730985,15290.0,6311.0
2592,2016,10471,363342.0,21601.0,42.7,81594.0,44640.0,1987.0,9.198648210730985,15290.0,6311.0
2593,2016,10471,363982.0,21601.0,42.7,81594.0,44640.0,1987.0,9.198648210730985,15290.0,6311.0
2594,2016,10471,394072.0,21601.0,42.7,81594.0,44640.0,1987.0,9.198648210730985,15290.0,6311.0
2595,2016,10472,103718.0,68972.0,31.6,29934.0,14624.0,24401.0,35.37812445630111,12034.0,56938.0
2596,2016,10472,122562.0,68972.0,31.6,29934.0,14624.0,24401.0,35.37812445630111,12034.0,56938.0
2597,2016,10472,120683.0,68972.0,31.6,29934.0,14624.0,24401.0,35.37812445630111,12034.0,56938.0
2598,2016,10472,120315.0,68972.0,31.6,29934.0,14624.0,24401.0,35.37812445630111,12034.0,56938.0
2599,2016,10472,116317.0,68972.0,31.6,29934.0,14624.0,24401.0,35.37812445630111,12034.0,56938.0
2600,2016,10473,208033.0,61818.0,35.7,36686.0,19146.0,18220.0,29.473616098870878,21980.0,39838.0
2601,2016,10473,226691.0,61818.0,35.7,36686.0,19146.0,18220.0,29.473616098870878,21980.0,39838.0
2602,2016,10473,240957.0,61818.0,35.7,36686.0,19146.0,18220.0,29.473616098870878,21980.0,39838.0
2603,2016,10473,259409.0,61818.0,35.7,36686.0,19146.0,18220.0,29.473616098870878,21980.0,39838.0
2604,2016,10473,271689.0,61818.0,35.7,36686.0,19146.0,18220.0,29.473616098870878,21980.0,39838.0
2605,2016,10474,735632.0,12793.0,30.0,26901.0,12158.0,4955.0,38.73211912764794,1574.0,11219.0
2606,2016,10474,747925.0,12793.0,30.0,26901.0,12158.0,4955.0,38.73211912764794,1574.0,11219.0
2607,2016,10474,774052.0,12793.0,30.0,26901.0,12158.0,4955.0,38.73211912764794,1574.0,11219.0
2608,2016,10474,829736.0,12793.0,30.0,26901.0,12158.0,4955.0,38.73211912764794,1574.0,11219.0
2609,2016,10474,897462.0,12793.0,30.0,26901.0,12158.0,4955.0,38.73211912764794,1574.0,11219.0
2610,2016,10475,334343.0,44749.0,46.1,46340.0,25863.0,4648.0,10.386824286576237,7078.0,37671.0
2611,2016,10475,342618.0,44749.0,46.1,46340.0,25863.0,4648.0,10.386824286576237,7078.0,37671.0
2612,2016,10475,365699.0,44749.0,46.1,46340.0,25863.0,4648.0,10.386824286576237,7078.0,37671.0
2613,2016,10475,377752.0,44749.0,46.1,46340.0,25863.0,4648.0,10.386824286576237,7078.0,37671.0
2614,2016,10475,374852.0,44749.0,46.1,46340.0,25863.0,4648.0,10.386824286576237,7078.0,37671.0
2615,2016,11004,122536.0,14722.0,45.1,91226.0,37442.0,932.0,6.330661594891998,7286.0,7436.0
2616,2016,11004,127655.0,14722.0,45.1,91226.0,37442.0,932.0,6.330661594891998,7286.0,7436.0
2617,2016,11004,134192.0,14722.0,45.1,91226.0,37442.0,932.0,6.330661594891998,7286.0,7436.0
2618,2016,11004,145143.0,14722.0,45.1,91226.0,37442.0,932.0,6.330661594891998,7286.0,7436.0
2619,2016,11004,156065.0,14722.0,45.1,91226.0,37442.0,932.0,6.330661594891998,7286.0,7436.0
2620,2016,11005,15602.0,1926.0,80.5,63368.0,69855.0,41.0,2.1287642782969884,1907.0,19.0
2621,2016,11005,12898.0,1926.0,80.5,63368.0,69855.0,41.0,2.1287642782969884,1907.0,19.0
2622,2016,11005,12509.0,1926.0,80.5,63368.0,69855.0,41.0,2.1287642782969884,1907.0,19.0
2623,2016,11005,12657.0,1926.0,80.5,63368.0,69855.0,41.0,2.1287642782969884,1907.0,19.0
2624,2016,11005,12171.0,1926.0,80.5,63368.0,69855.0,41.0,2.1287642782969884,1907.0,19.0
2625,2016,11101,3923484.0,26505.0,35.7,51964.0,39670.0,5478.0,20.667798528579517,12794.0,13711.0
2626,2016,11101,4458380.0,26505.0,35.7,51964.0,39670.0,5478.0,20.667798528579517,12794.0,13711.0
2627,2016,11101,4339898.0,26505.0,35.7,51964.0,39670.0,5478.0,20.667798528579517,12794.0,13711.0
2628,2016,11101,4633058.0,26505.0,35.7,51964.0,39670.0,5478.0,20.667798528579517,12794.0,13711.0
2629,2016,11101,4723439.0,26505.0,35.7,51964.0,39670.0,5478.0,20.667798528579517,12794.0,13711.0
2630,2016,11102,289429.0,33750.0,33.6,56674.0,33318.0,5972.0,17.694814814814816,19623.0,14127.0
2631,2016,11102,275705.0,33750.0,33.6,56674.0,33318.0,5972.0,17.694814814814816,19623.0,14127.0
2632,2016,11102,305909.0,33750.0,33.6,56674.0,33318.0,5972.0,17.694814814814816,19623.0,14127.0
2633,2016,11102,327504.0,33750.0,33.6,56674.0,33318.0,5972.0,17.694814814814816,19623.0,14127.0
2634,2016,11102,345048.0,33750.0,33.6,56674.0,33318.0,5972.0,17.694814814814816,19623.0,14127.0
2635,2016,11103,250630.0,38861.0,33.9,62775.0,35378.0,5449.0,14.021769897841024,27142.0,11719.0
2636,2016,11103,263420.0,38861.0,33.9,62775.0,35378.0,5449.0,14.021769897841024,27142.0,11719.0
2637,2016,11103,268887.0,38861.0,33.9,62775.0,35378.0,5449.0,14.021769897841024,27142.0,11719.0
2638,2016,11103,299184.0,38861.0,33.9,62775.0,35378.0,5449.0,14.021769897841024,27142.0,11719.0
2639,2016,11103,304210.0,38861.0,33.9,62775.0,35378.0,5449.0,14.021769897841024,27142.0,11719.0
2640,2016,11104,215107.0,26102.0,38.8,57155.0,34638.0,3675.0,14.079380890353232,17314.0,8788.0
2641,2016,11104,253302.0,26102.0,38.8,57155.0,34638.0,3675.0,14.079380890353232,17314.0,8788.0
2642,2016,11104,249615.0,26102.0,38.8,57155.0,34638.0,3675.0,14.079380890353232,17314.0,8788.0
2643,2016,11104,267575.0,26102.0,38.8,57155.0,34638.0,3675.0,14.079380890353232,17314.0,8788.0
2644,2016,11104,283043.0,26102.0,38.8,57155.0,34638.0,3675.0,14.079380890353232,17314.0,8788.0
2645,2016,11105,539065.0,37297.0,34.7,62841.0,36434.0,4097.0,10.98479770490924,27733.0,9564.0
2646,2016,11105,574552.0,37297.0,34.7,62841.0,36434.0,4097.0,10.98479770490924,27733.0,9564.0
2647,2016,11105,660444.0,37297.0,34.7,62841.0,36434.0,4097.0,10.98479770490924,27733.0,9564.0
2648,2016,11105,583220.0,37297.0,34.7,62841.0,36434.0,4097.0,10.98479770490924,27733.0,9564.0
2649,2016,11105,601860.0,37297.0,34.7,62841.0,36434.0,4097.0,10.98479770490924,27733.0,9564.0
2650,2016,11106,376731.0,39409.0,36.0,56442.0,33951.0,6903.0,17.516303382476085,21854.0,17555.0
2651,2016,11106,400600.0,39409.0,36.0,56442.0,33951.0,6903.0,17.516303382476085,21854.0,17555.0
2652,2016,11106,413094.0,39409.0,36.0,56442.0,33951.0,6903.0,17.516303382476085,21854.0,17555.0
2653,2016,11106,434193.0,39409.0,36.0,56442.0,33951.0,6903.0,17.516303382476085,21854.0,17555.0
2654,2016,11106,432532.0,39409.0,36.0,56442.0,33951.0,6903.0,17.516303382476085,21854.0,17555.0
2655,2016,11109,8388.0,4964.0,31.6,133070.0,88966.0,400.0,8.058017727639001,3179.0,1785.0
2656,2016,11109,10862.0,4964.0,31.6,133070.0,88966.0,400.0,8.058017727639001,3179.0,1785.0
2657,2016,11109,14252.0,4964.0,31.6,133070.0,88966.0,400.0,8.058017727639001,3179.0,1785.0
2658,2016,11109,17255.0,4964.0,31.6,133070.0,88966.0,400.0,8.058017727639001,3179.0,1785.0
2659,2016,11109,20866.0,4964.0,31.6,133070.0,88966.0,400.0,8.058017727639001,3179.0,1785.0
2660,2016,11201,2703614.0,60061.0,35.1,109472.0,71656.0,8400.0,13.985781122525433,38567.0,21494.0
2661,2016,11201,2822830.0,60061.0,35.1,109472.0,71656.0,8400.0,13.985781122525433,38567.0,21494.0
2662,2016,11201,2821051.0,60061.0,35.1,109472.0,71656.0,8400.0,13.985781122525433,38567.0,21494.0
2663,2016,11201,2913653.0,60061.0,35.1,109472.0,71656.0,8400.0,13.985781122525433,38567.0,21494.0
2664,2016,11201,2974770.0,60061.0,35.1,109472.0,71656.0,8400.0,13.985781122525433,38567.0,21494.0
2665,2016,11203,1018576.0,75920.0,39.8,46971.0,23089.0,13481.0,17.756849315068493,3475.0,72445.0
2666,2016,11203,951615.0,75920.0,39.8,46971.0,23089.0,13481.0,17.756849315068493,3475.0,72445.0
2667,2016,11203,943691.0,75920.0,39.8,46971.0,23089.0,13481.0,17.756849315068493,3475.0,72445.0
2668,2016,11203,992089.0,75920.0,39.8,46971.0,23089.0,13481.0,17.756849315068493,3475.0,72445.0
2669,2016,11203,988986.0,75920.0,39.8,46971.0,23089.0,13481.0,17.756849315068493,3475.0,72445.0
2670,2016,11204,324082.0,79332.0,34.7,47135.0,21242.0,19393.0,24.44536882972823,48426.0,30906.0
2671,2016,11204,335711.0,79332.0,34.7,47135.0,21242.0,19393.0,24.44536882972823,48426.0,30906.0
2672,2016,11204,380362.0,79332.0,34.7,47135.0,21242.0,19393.0,24.44536882972823,48426.0,30906.0
2673,2016,11204,410695.0,79332.0,34.7,47135.0,21242.0,19393.0,24.44536882972823,48426.0,30906.0
2674,2016,11204,452848.0,79332.0,34.7,47135.0,21242.0,19393.0,24.44536882972823,48426.0,30906.0
2675,2016,11205,449972.0,44818.0,29.8,47437.0,27341.0,14562.0,32.49140970145923,21252.0,23566.0
2676,2016,11205,549410.0,44818.0,29.8,47437.0,27341.0,14562.0,32.49140970145923,21252.0,23566.0
2677,2016,11205,599452.0,44818.0,29.8,47437.0,27341.0,14562.0,32.49140970145923,21252.0,23566.0
2678,2016,11205,631171.0,44818.0,29.8,47437.0,27341.0,14562.0,32.49140970145923,21252.0,23566.0
2679,2016,11205,646834.0,44818.0,29.8,47437.0,27341.0,14562.0,32.49140970145923,21252.0,23566.0
2680,2016,11206,539679.0,86486.0,29.1,31549.0,19071.0,31300.0,36.19082857341073,39767.0,46719.0
2681,2016,11206,579255.0,86486.0,29.1,31549.0,19071.0,31300.0,36.19082857341073,39767.0,46719.0
2682,2016,11206,634467.0,86486.0,29.1,31549.0,19071.0,31300.0,36.19082857341073,39767.0,46719.0
2683,2016,11206,649084.0,86486.0,29.1,31549.0,19071.0,31300.0,36.19082857341073,39767.0,46719.0
2684,2016,11206,684363.0,86486.0,29.1,31549.0,19071.0,31300.0,36.19082857341073,39767.0,46719.0
2685,2016,11207,406797.0,93251.0,32.5,35849.0,18401.0,27671.0,29.67367642170057,12698.0,80553.0
2686,2016,11207,415337.0,93251.0,32.5,35849.0,18401.0,27671.0,29.67367642170057,12698.0,80553.0
2687,2016,11207,441298.0,93251.0,32.5,35849.0,18401.0,27671.0,29.67367642170057,12698.0,80553.0
2688,2016,11207,603907.0,93251.0,32.5,35849.0,18401.0,27671.0,29.67367642170057,12698.0,80553.0
2689,2016,11207,499519.0,93251.0,32.5,35849.0,18401.0,27671.0,29.67367642170057,12698.0,80553.0
2690,2016,11208,335016.0,95715.0,31.8,37640.0,17235.0,28329.0,29.597241811628276,24511.0,71204.0
2691,2016,11208,338143.0,95715.0,31.8,37640.0,17235.0,28329.0,29.597241811628276,24511.0,71204.0
2692,2016,11208,372454.0,95715.0,31.8,37640.0,17235.0,28329.0,29.597241811628276,24511.0,71204.0
2693,2016,11208,389605.0,95715.0,31.8,37640.0,17235.0,28329.0,29.597241811628276,24511.0,71204.0
2694,2016,11208,335247.0,95715.0,31.8,37640.0,17235.0,28329.0,29.597241811628276,24511.0,71204.0
2695,2016,11209,608745.0,67822.0,40.0,65181.0,39005.0,9702.0,14.305092742767833,51294.0,16528.0
2696,2016,11209,581674.0,67822.0,40.0,65181.0,39005.0,9702.0,14.305092742767833,51294.0,16528.0
2697,2016,11209,602819.0,67822.0,40.0,65181.0,39005.0,9702.0,14.305092742767833,51294.0,16528.0
2698,2016,11209,593505.0,67822.0,40.0,65181.0,39005.0,9702.0,14.305092742767833,51294.0,16528.0
2699,2016,11209,597793.0,67822.0,40.0,65181.0,39005.0,9702.0,14.305092742767833,51294.0,16528.0
2700,2016,11210,292751.0,68435.0,34.5,59520.0,26617.0,9709.0,14.187184919997078,20260.0,48175.0
2701,2016,11210,294558.0,68435.0,34.5,59520.0,26617.0,9709.0,14.187184919997078,20260.0,48175.0
2702,2016,11210,312421.0,68435.0,34.5,59520.0,26617.0,9709.0,14.187184919997078,20260.0,48175.0
2703,2016,11210,331839.0,68435.0,34.5,59520.0,26617.0,9709.0,14.187184919997078,20260.0,48175.0
2704,2016,11210,341999.0,68435.0,34.5,59520.0,26617.0,9709.0,14.187184919997078,20260.0,48175.0
2705,2016,11211,847261.0,99964.0,30.4,59190.0,35470.0,28796.0,28.806370293305587,76935.0,23029.0
2706,2016,11211,936134.0,99964.0,30.4,59190.0,35470.0,28796.0,28.806370293305587,76935.0,23029.0
2707,2016,11211,1000260.0,99964.0,30.4,59190.0,35470.0,28796.0,28.806370293305587,76935.0,23029.0
2708,2016,11211,1095279.0,99964.0,30.4,59190.0,35470.0,28796.0,28.806370293305587,76935.0,23029.0
2709,2016,11211,1146792.0,99964.0,30.4,59190.0,35470.0,28796.0,28.806370293305587,76935.0,23029.0
2710,2016,11212,396670.0,86469.0,33.2,28495.0,17064.0,29835.0,34.50369496582589,4882.0,81587.0
2711,2016,11212,434784.0,86469.0,33.2,28495.0,17064.0,29835.0,34.50369496582589,4882.0,81587.0
2712,2016,11212,465191.0,86469.0,33.2,28495.0,17064.0,29835.0,34.50369496582589,4882.0,81587.0
2713,2016,11212,508321.0,86469.0,33.2,28495.0,17064.0,29835.0,34.50369496582589,4882.0,81587.0
2714,2016,11212,538399.0,86469.0,33.2,28495.0,17064.0,29835.0,34.50369496582589,4882.0,81587.0
2715,2016,11213,225955.0,65434.0,33.3,37556.0,20401.0,17111.0,26.150013754317328,13526.0,51908.0
2716,2016,11213,231269.0,65434.0,33.3,37556.0,20401.0,17111.0,26.150013754317328,13526.0,51908.0
2717,2016,11213,236235.0,65434.0,33.3,37556.0,20401.0,17111.0,26.150013754317328,13526.0,51908.0
2718,2016,11213,256162.0,65434.0,33.3,37556.0,20401.0,17111.0,26.150013754317328,13526.0,51908.0
2719,2016,11213,275685.0,65434.0,33.3,37556.0,20401.0,17111.0,26.150013754317328,13526.0,51908.0
2720,2016,11214,377269.0,91728.0,39.3,52119.0,24952.0,15917.0,17.352389673818244,48182.0,43546.0
2721,2016,11214,385761.0,91728.0,39.3,52119.0,24952.0,15917.0,17.352389673818244,48182.0,43546.0
2722,2016,11214,405609.0,91728.0,39.3,52119.0,24952.0,15917.0,17.352389673818244,48182.0,43546.0
2723,2016,11214,423060.0,91728.0,39.3,52119.0,24952.0,15917.0,17.352389673818244,48182.0,43546.0
2724,2016,11214,449476.0,91728.0,39.3,52119.0,24952.0,15917.0,17.352389673818244,48182.0,43546.0
2725,2016,11215,837133.0,69965.0,35.3,108178.0,64040.0,5623.0,8.036875580647466,52895.0,17070.0
2726,2016,11215,899230.0,69965.0,35.3,108178.0,64040.0,5623.0,8.036875580647466,52895.0,17070.0
2727,2016,11215,969749.0,69965.0,35.3,108178.0,64040.0,5623.0,8.036875580647466,52895.0,17070.0
2728,2016,11215,993701.0,69965.0,35.3,108178.0,64040.0,5623.0,8.036875580647466,52895.0,17070.0
2729,2016,11215,1147000.0,69965.0,35.3,108178.0,64040.0,5623.0,8.036875580647466,52895.0,17070.0
2730,2016,11216,122039.0,55816.0,33.9,52239.0,32291.0,11550.0,20.692991256987245,13451.0,42365.0
2731,2016,11216,129143.0,55816.0,33.9,52239.0,32291.0,11550.0,20.692991256987245,13451.0,42365.0
2732,2016,11216,133822.0,55816.0,33.9,52239.0,32291.0,11550.0,20.692991256987245,13451.0,42365.0
2733,2016,11216,151530.0,55816.0,33.9,52239.0,32291.0,11550.0,20.692991256987245,13451.0,42365.0
2734,2016,11216,175656.0,55816.0,33.9,52239.0,32291.0,11550.0,20.692991256987245,13451.0,42365.0
2735,2016,11217,589896.0,38670.0,35.5,94970.0,61845.0,4767.0,12.327385570209465,22901.0,15769.0
2736,2016,11217,619524.0,38670.0,35.5,94970.0,61845.0,4767.0,12.327385570209465,22901.0,15769.0
2737,2016,11217,691074.0,38670.0,35.5,94970.0,61845.0,4767.0,12.327385570209465,22901.0,15769.0
2738,2016,11217,769029.0,38670.0,35.5,94970.0,61845.0,4767.0,12.327385570209465,22901.0,15769.0
2739,2016,11217,774450.0,38670.0,35.5,94970.0,61845.0,4767.0,12.327385570209465,22901.0,15769.0
2740,2016,11218,358081.0,74831.0,33.3,60821.0,27647.0,16928.0,22.621640763854558,42841.0,31990.0
2741,2016,11218,387069.0,74831.0,33.3,60821.0,27647.0,16928.0,22.621640763854558,42841.0,31990.0
2742,2016,11218,429747.0,74831.0,33.3,60821.0,27647.0,16928.0,22.621640763854558,42841.0,31990.0
2743,2016,11218,439600.0,74831.0,33.3,60821.0,27647.0,16928.0,22.621640763854558,42841.0,31990.0
2744,2016,11218,483390.0,74831.0,33.3,60821.0,27647.0,16928.0,22.621640763854558,42841.0,31990.0
2745,2016,11219,1222037.0,96287.0,27.9,36573.0,15183.0,34431.0,35.75872132271231,63410.0,32877.0
2746,2016,11219,1277698.0,96287.0,27.9,36573.0,15183.0,34431.0,35.75872132271231,63410.0,32877.0
2747,2016,11219,1365295.0,96287.0,27.9,36573.0,15183.0,34431.0,35.75872132271231,63410.0,32877.0
2748,2016,11219,1393906.0,96287.0,27.9,36573.0,15183.0,34431.0,35.75872132271231,63410.0,32877.0
2749,2016,11219,1505077.0,96287.0,27.9,36573.0,15183.0,34431.0,35.75872132271231,63410.0,32877.0
2750,2016,11220,939853.0,101006.0,32.9,40576.0,17132.0,33832.0,33.49503989861989,26415.0,74591.0
2751,2016,11220,1020497.0,101006.0,32.9,40576.0,17132.0,33832.0,33.49503989861989,26415.0,74591.0
2752,2016,11220,1106078.0,101006.0,32.9,40576.0,17132.0,33832.0,33.49503989861989,26415.0,74591.0
2753,2016,11220,1178322.0,101006.0,32.9,40576.0,17132.0,33832.0,33.49503989861989,26415.0,74591.0
2754,2016,11220,1145019.0,101006.0,32.9,40576.0,17132.0,33832.0,33.49503989861989,26415.0,74591.0
2755,2016,11221,128631.0,84034.0,31.3,43361.0,22084.0,22363.0,26.611847585501103,23951.0,60083.0
2756,2016,11221,137786.0,84034.0,31.3,43361.0,22084.0,22363.0,26.611847585501103,23951.0,60083.0
2757,2016,11221,150486.0,84034.0,31.3,43361.0,22084.0,22363.0,26.611847585501103,23951.0,60083.0
2758,2016,11221,154398.0,84034.0,31.3,43361.0,22084.0,22363.0,26.611847585501103,23951.0,60083.0
2759,2016,11221,170010.0,84034.0,31.3,43361.0,22084.0,22363.0,26.611847585501103,23951.0,60083.0
2760,2016,11222,693902.0,35695.0,34.5,73391.0,43603.0,4396.0,12.31545034318532,29256.0,6439.0
2761,2016,11222,724674.0,35695.0,34.5,73391.0,43603.0,4396.0,12.31545034318532,29256.0,6439.0
2762,2016,11222,773723.0,35695.0,34.5,73391.0,43603.0,4396.0,12.31545034318532,29256.0,6439.0
2763,2016,11222,842010.0,35695.0,34.5,73391.0,43603.0,4396.0,12.31545034318532,29256.0,6439.0
2764,2016,11222,887335.0,35695.0,34.5,73391.0,43603.0,4396.0,12.31545034318532,29256.0,6439.0
2765,2016,11223,438827.0,79730.0,35.9,44647.0,23928.0,15942.0,19.994983067854008,50499.0,29231.0
2766,2016,11223,467952.0,79730.0,35.9,44647.0,23928.0,15942.0,19.994983067854008,50499.0,29231.0
2767,2016,11223,507560.0,79730.0,35.9,44647.0,23928.0,15942.0,19.994983067854008,50499.0,29231.0
2768,2016,11223,567460.0,79730.0,35.9,44647.0,23928.0,15942.0,19.994983067854008,50499.0,29231.0
2769,2016,11223,535765.0,79730.0,35.9,44647.0,23928.0,15942.0,19.994983067854008,50499.0,29231.0
2770,2016,11224,214661.0,43444.0,46.4,31371.0,23518.0,11449.0,26.35346653162692,25657.0,17787.0
2771,2016,11224,196315.0,43444.0,46.4,31371.0,23518.0,11449.0,26.35346653162692,25657.0,17787.0
2772,2016,11224,197597.0,43444.0,46.4,31371.0,23518.0,11449.0,26.35346653162692,25657.0,17787.0
2773,2016,11224,204283.0,43444.0,46.4,31371.0,23518.0,11449.0,26.35346653162692,25657.0,17787.0
2774,2016,11224,226898.0,43444.0,46.4,31371.0,23518.0,11449.0,26.35346653162692,25657.0,17787.0
2775,2016,11225,110264.0,60323.0,34.3,48597.0,27054.0,11773.0,19.516602291000112,13819.0,46504.0
2776,2016,11225,111462.0,60323.0,34.3,48597.0,27054.0,11773.0,19.516602291000112,13819.0,46504.0
2777,2016,11225,118904.0,60323.0,34.3,48597.0,27054.0,11773.0,19.516602291000112,13819.0,46504.0
2778,2016,11225,125491.0,60323.0,34.3,48597.0,27054.0,11773.0,19.516602291000112,13819.0,46504.0
2779,2016,11225,136142.0,60323.0,34.3,48597.0,27054.0,11773.0,19.516602291000112,13819.0,46504.0
2780,2016,11226,255714.0,101787.0,34.1,45031.0,23110.0,19156.0,18.81969210213485,12784.0,89003.0
2781,2016,11226,250441.0,101787.0,34.1,45031.0,23110.0,19156.0,18.81969210213485,12784.0,89003.0
2782,2016,11226,263537.0,101787.0,34.1,45031.0,23110.0,19156.0,18.81969210213485,12784.0,89003.0
2783,2016,11226,260583.0,101787.0,34.1,45031.0,23110.0,19156.0,18.81969210213485,12784.0,89003.0
2784,2016,11226,291779.0,101787.0,34.1,45031.0,23110.0,19156.0,18.81969210213485,12784.0,89003.0
2785,2016,11228,159897.0,46164.0,39.8,63641.0,30059.0,6028.0,13.057793951997228,27447.0,18717.0
2786,2016,11228,174467.0,46164.0,39.8,63641.0,30059.0,6028.0,13.057793951997228,27447.0,18717.0
2787,2016,11228,181928.0,46164.0,39.8,63641.0,30059.0,6028.0,13.057793951997228,27447.0,18717.0
2788,2016,11228,207805.0,46164.0,39.8,63641.0,30059.0,6028.0,13.057793951997228,27447.0,18717.0
2789,2016,11228,221949.0,46164.0,39.8,63641.0,30059.0,6028.0,13.057793951997228,27447.0,18717.0
2790,2016,11229,457607.0,82914.0,40.6,55187.0,27997.0,13357.0,16.109462816894613,56556.0,26358.0
2791,2016,11229,462303.0,82914.0,40.6,55187.0,27997.0,13357.0,16.109462816894613,56556.0,26358.0
2792,2016,11229,480875.0,82914.0,40.6,55187.0,27997.0,13357.0,16.109462816894613,56556.0,26358.0
2793,2016,11229,490916.0,82914.0,40.6,55187.0,27997.0,13357.0,16.109462816894613,56556.0,26358.0
2794,2016,11229,548788.0,82914.0,40.6,55187.0,27997.0,13357.0,16.109462816894613,56556.0,26358.0
2795,2016,11230,571833.0,88933.0,34.1,43344.0,25068.0,21333.0,23.987721093407398,61733.0,27200.0
2796,2016,11230,596622.0,88933.0,34.1,43344.0,25068.0,21333.0,23.987721093407398,61733.0,27200.0
2797,2016,11230,645852.0,88933.0,34.1,43344.0,25068.0,21333.0,23.987721093407398,61733.0,27200.0
2798,2016,11230,701230.0,88933.0,34.1,43344.0,25068.0,21333.0,23.987721093407398,61733.0,27200.0
2799,2016,11230,778241.0,88933.0,34.1,43344.0,25068.0,21333.0,23.987721093407398,61733.0,27200.0
2800,2016,11231,402566.0,36302.0,36.2,84223.0,56806.0,5381.0,14.822874772739794,24286.0,12016.0
2801,2016,11231,426238.0,36302.0,36.2,84223.0,56806.0,5381.0,14.822874772739794,24286.0,12016.0
2802,2016,11231,485564.0,36302.0,36.2,84223.0,56806.0,5381.0,14.822874772739794,24286.0,12016.0
2803,2016,11231,533125.0,36302.0,36.2,84223.0,56806.0,5381.0,14.822874772739794,24286.0,12016.0
2804,2016,11231,570437.0,36302.0,36.2,84223.0,56806.0,5381.0,14.822874772739794,24286.0,12016.0
2805,2016,11232,596437.0,29387.0,33.0,47785.0,22028.0,7501.0,25.524891959029503,10808.0,18579.0
2806,2016,11232,611670.0,29387.0,33.0,47785.0,22028.0,7501.0,25.524891959029503,10808.0,18579.0
2807,2016,11232,672305.0,29387.0,33.0,47785.0,22028.0,7501.0,25.524891959029503,10808.0,18579.0
2808,2016,11232,686453.0,29387.0,33.0,47785.0,22028.0,7501.0,25.524891959029503,10808.0,18579.0
2809,2016,11232,713975.0,29387.0,33.0,47785.0,22028.0,7501.0,25.524891959029503,10808.0,18579.0
2810,2016,11233,124722.0,72159.0,33.0,35686.0,21478.0,21394.0,29.648415305090147,4827.0,67332.0
2811,2016,11233,125294.0,72159.0,33.0,35686.0,21478.0,21394.0,29.648415305090147,4827.0,67332.0
2812,2016,11233,120272.0,72159.0,33.0,35686.0,21478.0,21394.0,29.648415305090147,4827.0,67332.0
2813,2016,11233,133335.0,72159.0,33.0,35686.0,21478.0,21394.0,29.648415305090147,4827.0,67332.0
2814,2016,11233,149193.0,72159.0,33.0,35686.0,21478.0,21394.0,29.648415305090147,4827.0,67332.0
2815,2016,11234,671012.0,95546.0,39.9,75362.0,32124.0,8471.0,8.865886588658865,40757.0,54789.0
2816,2016,11234,682477.0,95546.0,39.9,75362.0,32124.0,8471.0,8.865886588658865,40757.0,54789.0
2817,2016,11234,684604.0,95546.0,39.9,75362.0,32124.0,8471.0,8.865886588658865,40757.0,54789.0
2818,2016,11234,709379.0,95546.0,39.9,75362.0,32124.0,8471.0,8.865886588658865,40757.0,54789.0
2819,2016,11234,721837.0,95546.0,39.9,75362.0,32124.0,8471.0,8.865886588658865,40757.0,54789.0
2820,2016,11235,612464.0,78237.0,43.9,45578.0,29449.0,15970.0,20.41233687385764,60703.0,17534.0
2821,2016,11235,632948.0,78237.0,43.9,45578.0,29449.0,15970.0,20.41233687385764,60703.0,17534.0
2822,2016,11235,694857.0,78237.0,43.9,45578.0,29449.0,15970.0,20.41233687385764,60703.0,17534.0
2823,2016,11235,773804.0,78237.0,43.9,45578.0,29449.0,15970.0,20.41233687385764,60703.0,17534.0
2824,2016,11235,911985.0,78237.0,43.9,45578.0,29449.0,15970.0,20.41233687385764,60703.0,17534.0
2825,2016,11236,410618.0,100049.0,37.5,60885.0,25876.0,13951.0,13.944167357994585,5437.0,94612.0
2826,2016,11236,408149.0,100049.0,37.5,60885.0,25876.0,13951.0,13.944167357994585,5437.0,94612.0
2827,2016,11236,414309.0,100049.0,37.5,60885.0,25876.0,13951.0,13.944167357994585,5437.0,94612.0
2828,2016,11236,419906.0,100049.0,37.5,60885.0,25876.0,13951.0,13.944167357994585,5437.0,94612.0
2829,2016,11236,438330.0,100049.0,37.5,60885.0,25876.0,13951.0,13.944167357994585,5437.0,94612.0
2830,2016,11237,413133.0,53678.0,30.0,46351.0,20829.0,16454.0,30.6531539923246,28141.0,25537.0
2831,2016,11237,451080.0,53678.0,30.0,46351.0,20829.0,16454.0,30.6531539923246,28141.0,25537.0
2832,2016,11237,481620.0,53678.0,30.0,46351.0,20829.0,16454.0,30.6531539923246,28141.0,25537.0
2833,2016,11237,510538.0,53678.0,30.0,46351.0,20829.0,16454.0,30.6531539923246,28141.0,25537.0
2834,2016,11237,601896.0,53678.0,30.0,46351.0,20829.0,16454.0,30.6531539923246,28141.0,25537.0
2835,2016,11238,259363.0,53992.0,35.6,75757.0,45762.0,7416.0,13.735368202696696,22757.0,31235.0
2836,2016,11238,280763.0,53992.0,35.6,75757.0,45762.0,7416.0,13.735368202696696,22757.0,31235.0
2837,2016,11238,304209.0,53992.0,35.6,75757.0,45762.0,7416.0,13.735368202696696,22757.0,31235.0
2838,2016,11238,333163.0,53992.0,35.6,75757.0,45762.0,7416.0,13.735368202696696,22757.0,31235.0
2839,2016,11238,360927.0,53992.0,35.6,75757.0,45762.0,7416.0,13.735368202696696,22757.0,31235.0
2840,2016,11239,92874.0,12468.0,47.9,24610.0,18993.0,3846.0,30.846968238691048,3821.0,8647.0
2841,2016,11239,94286.0,12468.0,47.9,24610.0,18993.0,3846.0,30.846968238691048,3821.0,8647.0
2842,2016,11239,99378.0,12468.0,47.9,24610.0,18993.0,3846.0,30.846968238691048,3821.0,8647.0
2843,2016,11239,119048.0,12468.0,47.9,24610.0,18993.0,3846.0,30.846968238691048,3821.0,8647.0
2844,2016,11239,124886.0,12468.0,47.9,24610.0,18993.0,3846.0,30.846968238691048,3821.0,8647.0
2850,2016,11354,988640.0,58551.0,44.2,43660.0,23503.0,12228.0,20.884357227032844,12974.0,45577.0
2851,2016,11354,1023112.0,58551.0,44.2,43660.0,23503.0,12228.0,20.884357227032844,12974.0,45577.0
2852,2016,11354,1045895.0,58551.0,44.2,43660.0,23503.0,12228.0,20.884357227032844,12974.0,45577.0
2853,2016,11354,1052160.0,58551.0,44.2,43660.0,23503.0,12228.0,20.884357227032844,12974.0,45577.0
2854,2016,11354,1153369.0,58551.0,44.2,43660.0,23503.0,12228.0,20.884357227032844,12974.0,45577.0
2855,2016,11355,785361.0,82028.0,41.9,38451.0,19277.0,18777.0,22.890964061052323,10317.0,71711.0
2856,2016,11355,850787.0,82028.0,41.9,38451.0,19277.0,18777.0,22.890964061052323,10317.0,71711.0
2857,2016,11355,944546.0,82028.0,41.9,38451.0,19277.0,18777.0,22.890964061052323,10317.0,71711.0
2858,2016,11355,1030668.0,82028.0,41.9,38451.0,19277.0,18777.0,22.890964061052323,10317.0,71711.0
2859,2016,11355,998352.0,82028.0,41.9,38451.0,19277.0,18777.0,22.890964061052323,10317.0,71711.0
2860,2016,11356,432351.0,24405.0,35.8,57849.0,24489.0,3079.0,12.616267158369189,8632.0,15773.0
2861,2016,11356,470178.0,24405.0,35.8,57849.0,24489.0,3079.0,12.616267158369189,8632.0,15773.0
2862,2016,11356,503334.0,24405.0,35.8,57849.0,24489.0,3079.0,12.616267158369189,8632.0,15773.0
2863,2016,11356,528176.0,24405.0,35.8,57849.0,24489.0,3079.0,12.616267158369189,8632.0,15773.0
2864,2016,11356,540333.0,24405.0,35.8,57849.0,24489.0,3079.0,12.616267158369189,8632.0,15773.0
2865,2016,11357,270573.0,39259.0,45.1,74255.0,35391.0,2137.0,5.44333783336305,28368.0,10891.0
2866,2016,11357,292786.0,39259.0,45.1,74255.0,35391.0,2137.0,5.44333783336305,28368.0,10891.0
2867,2016,11357,334190.0,39259.0,45.1,74255.0,35391.0,2137.0,5.44333783336305,28368.0,10891.0
2868,2016,11357,355874.0,39259.0,45.1,74255.0,35391.0,2137.0,5.44333783336305,28368.0,10891.0
2869,2016,11357,355027.0,39259.0,45.1,74255.0,35391.0,2137.0,5.44333783336305,28368.0,10891.0
2870,2016,11358,177024.0,37461.0,42.6,66173.0,31790.0,3696.0,9.866260911347801,16358.0,21103.0
2871,2016,11358,190981.0,37461.0,42.6,66173.0,31790.0,3696.0,9.866260911347801,16358.0,21103.0
2872,2016,11358,202211.0,37461.0,42.6,66173.0,31790.0,3696.0,9.866260911347801,16358.0,21103.0
2873,2016,11358,211705.0,37461.0,42.6,66173.0,31790.0,3696.0,9.866260911347801,16358.0,21103.0
2874,2016,11358,214481.0,37461.0,42.6,66173.0,31790.0,3696.0,9.866260911347801,16358.0,21103.0
2880,2016,11360,107193.0,19309.0,49.1,82982.0,44323.0,1213.0,6.282044642394737,12697.0,6612.0
2881,2016,11360,112043.0,19309.0,49.1,82982.0,44323.0,1213.0,6.282044642394737,12697.0,6612.0
2882,2016,11360,116528.0,19309.0,49.1,82982.0,44323.0,1213.0,6.282044642394737,12697.0,6612.0
2883,2016,11360,116728.0,19309.0,49.1,82982.0,44323.0,1213.0,6.282044642394737,12697.0,6612.0
2884,2016,11360,126316.0,19309.0,49.1,82982.0,44323.0,1213.0,6.282044642394737,12697.0,6612.0
2885,2016,11361,346551.0,29322.0,41.0,81846.0,35517.0,2279.0,7.772321124070665,14824.0,14498.0
2886,2016,11361,353314.0,29322.0,41.0,81846.0,35517.0,2279.0,7.772321124070665,14824.0,14498.0
2887,2016,11361,364778.0,29322.0,41.0,81846.0,35517.0,2279.0,7.772321124070665,14824.0,14498.0
2888,2016,11361,417031.0,29322.0,41.0,81846.0,35517.0,2279.0,7.772321124070665,14824.0,14498.0
2889,2016,11361,348062.0,29322.0,41.0,81846.0,35517.0,2279.0,7.772321124070665,14824.0,14498.0
2890,2016,11362,103471.0,18198.0,45.2,82827.0,38579.0,1297.0,7.127156830420924,9374.0,8824.0
2891,2016,11362,101536.0,18198.0,45.2,82827.0,38579.0,1297.0,7.127156830420924,9374.0,8824.0
2892,2016,11362,111656.0,18198.0,45.2,82827.0,38579.0,1297.0,7.127156830420924,9374.0,8824.0
2893,2016,11362,120020.0,18198.0,45.2,82827.0,38579.0,1297.0,7.127156830420924,9374.0,8824.0
2894,2016,11362,139126.0,18198.0,45.2,82827.0,38579.0,1297.0,7.127156830420924,9374.0,8824.0
2895,2016,11363,32333.0,7577.0,44.3,90443.0,42714.0,640.0,8.44661475518015,4584.0,2993.0
2896,2016,11363,34100.0,7577.0,44.3,90443.0,42714.0,640.0,8.44661475518015,4584.0,2993.0
2897,2016,11363,38610.0,7577.0,44.3,90443.0,42714.0,640.0,8.44661475518015,4584.0,2993.0
2898,2016,11363,38399.0,7577.0,44.3,90443.0,42714.0,640.0,8.44661475518015,4584.0,2993.0
2899,2016,11363,27320.0,7577.0,44.3,90443.0,42714.0,640.0,8.44661475518015,4584.0,2993.0
2900,2016,11364,77264.0,35068.0,44.7,70408.0,35358.0,2794.0,7.967377666248431,14614.0,20454.0
2901,2016,11364,81501.0,35068.0,44.7,70408.0,35358.0,2794.0,7.967377666248431,14614.0,20454.0
2902,2016,11364,85142.0,35068.0,44.7,70408.0,35358.0,2794.0,7.967377666248431,14614.0,20454.0
2903,2016,11364,100689.0,35068.0,44.7,70408.0,35358.0,2794.0,7.967377666248431,14614.0,20454.0
2904,2016,11364,103920.0,35068.0,44.7,70408.0,35358.0,2794.0,7.967377666248431,14614.0,20454.0
2905,2016,11365,304996.0,44617.0,41.5,62509.0,29287.0,6154.0,13.792948875988973,15988.0,28629.0
2906,2016,11365,310908.0,44617.0,41.5,62509.0,29287.0,6154.0,13.792948875988973,15988.0,28629.0
2907,2016,11365,325252.0,44617.0,41.5,62509.0,29287.0,6154.0,13.792948875988973,15988.0,28629.0
2908,2016,11365,348731.0,44617.0,41.5,62509.0,29287.0,6154.0,13.792948875988973,15988.0,28629.0
2909,2016,11365,353243.0,44617.0,41.5,62509.0,29287.0,6154.0,13.792948875988973,15988.0,28629.0
2910,2016,11366,82354.0,14042.0,40.5,78223.0,32890.0,1890.0,13.459621136590231,6552.0,7490.0
2911,2016,11366,100649.0,14042.0,40.5,78223.0,32890.0,1890.0,13.459621136590231,6552.0,7490.0
2912,2016,11366,103974.0,14042.0,40.5,78223.0,32890.0,1890.0,13.459621136590231,6552.0,7490.0
2913,2016,11366,109181.0,14042.0,40.5,78223.0,32890.0,1890.0,13.459621136590231,6552.0,7490.0
2914,2016,11366,132623.0,14042.0,40.5,78223.0,32890.0,1890.0,13.459621136590231,6552.0,7490.0
2915,2016,11367,129752.0,42663.0,35.4,57310.0,27085.0,5554.0,13.018306260694278,24409.0,18254.0
2916,2016,11367,135740.0,42663.0,35.4,57310.0,27085.0,5554.0,13.018306260694278,24409.0,18254.0
2917,2016,11367,150594.0,42663.0,35.4,57310.0,27085.0,5554.0,13.018306260694278,24409.0,18254.0
2918,2016,11367,159505.0,42663.0,35.4,57310.0,27085.0,5554.0,13.018306260694278,24409.0,18254.0
2919,2016,11367,168754.0,42663.0,35.4,57310.0,27085.0,5554.0,13.018306260694278,24409.0,18254.0
2920,2016,11368,512243.0,112982.0,31.6,45980.0,16220.0,24189.0,21.40960506983413,46903.0,66079.0
2921,2016,11368,496933.0,112982.0,31.6,45980.0,16220.0,24189.0,21.40960506983413,46903.0,66079.0
2922,2016,11368,506266.0,112982.0,31.6,45980.0,16220.0,24189.0,21.40960506983413,46903.0,66079.0
2923,2016,11368,512915.0,112982.0,31.6,45980.0,16220.0,24189.0,21.40960506983413,46903.0,66079.0
2924,2016,11368,595086.0,112982.0,31.6,45980.0,16220.0,24189.0,21.40960506983413,46903.0,66079.0
2925,2016,11369,178016.0,37823.0,35.9,51864.0,21036.0,6337.0,16.754355815244693,9284.0,28539.0
2926,2016,11369,185126.0,37823.0,35.9,51864.0,21036.0,6337.0,16.754355815244693,9284.0,28539.0
2927,2016,11369,196134.0,37823.0,35.9,51864.0,21036.0,6337.0,16.754355815244693,9284.0,28539.0
2928,2016,11369,226736.0,37823.0,35.9,51864.0,21036.0,6337.0,16.754355815244693,9284.0,28539.0
2929,2016,11369,253146.0,37823.0,35.9,51864.0,21036.0,6337.0,16.754355815244693,9284.0,28539.0
2930,2016,11370,281407.0,34445.0,37.2,53293.0,21605.0,4749.0,13.78719698069386,13677.0,20768.0
2931,2016,11370,340743.0,34445.0,37.2,53293.0,21605.0,4749.0,13.78719698069386,13677.0,20768.0
2932,2016,11370,372514.0,34445.0,37.2,53293.0,21605.0,4749.0,13.78719698069386,13677.0,20768.0
2933,2016,11370,396623.0,34445.0,37.2,53293.0,21605.0,4749.0,13.78719698069386,13677.0,20768.0
2934,2016,11370,330552.0,34445.0,37.2,53293.0,21605.0,4749.0,13.78719698069386,13677.0,20768.0
2940,2016,11372,268160.0,64109.0,39.3,52792.0,26735.0,10517.0,16.404872950755745,39641.0,24468.0
2941,2016,11372,281349.0,64109.0,39.3,52792.0,26735.0,10517.0,16.404872950755745,39641.0,24468.0
2942,2016,11372,296707.0,64109.0,39.3,52792.0,26735.0,10517.0,16.404872950755745,39641.0,24468.0
2943,2016,11372,321141.0,64109.0,39.3,52792.0,26735.0,10517.0,16.404872950755745,39641.0,24468.0
2944,2016,11372,333879.0,64109.0,39.3,52792.0,26735.0,10517.0,16.404872950755745,39641.0,24468.0
2945,2016,11373,611814.0,96616.0,37.6,45677.0,21017.0,19552.0,20.236813778256188,28730.0,67886.0
2946,2016,11373,638280.0,96616.0,37.6,45677.0,21017.0,19552.0,20.236813778256188,28730.0,67886.0
2947,2016,11373,685399.0,96616.0,37.6,45677.0,21017.0,19552.0,20.236813778256188,28730.0,67886.0
2948,2016,11373,740805.0,96616.0,37.6,45677.0,21017.0,19552.0,20.236813778256188,28730.0,67886.0
2949,2016,11373,765054.0,96616.0,37.6,45677.0,21017.0,19552.0,20.236813778256188,28730.0,67886.0
2950,2016,11374,386394.0,43158.0,43.9,55550.0,34187.0,6501.0,15.063255943278186,25900.0,17258.0
2951,2016,11374,385146.0,43158.0,43.9,55550.0,34187.0,6501.0,15.063255943278186,25900.0,17258.0
2952,2016,11374,419375.0,43158.0,43.9,55550.0,34187.0,6501.0,15.063255943278186,25900.0,17258.0
2953,2016,11374,450156.0,43158.0,43.9,55550.0,34187.0,6501.0,15.063255943278186,25900.0,17258.0
2954,2016,11374,487037.0,43158.0,43.9,55550.0,34187.0,6501.0,15.063255943278186,25900.0,17258.0
2955,2016,11375,803634.0,71159.0,41.6,72982.0,45616.0,6844.0,9.617897946851418,44992.0,26167.0
2956,2016,11375,793188.0,71159.0,41.6,72982.0,45616.0,6844.0,9.617897946851418,44992.0,26167.0
2957,2016,11375,843688.0,71159.0,41.6,72982.0,45616.0,6844.0,9.617897946851418,44992.0,26167.0
2958,2016,11375,865491.0,71159.0,41.6,72982.0,45616.0,6844.0,9.617897946851418,44992.0,26167.0
2959,2016,11375,910244.0,71159.0,41.6,72982.0,45616.0,6844.0,9.617897946851418,44992.0,26167.0
2960,2016,11377,627777.0,90883.0,37.3,51675.0,24382.0,13601.0,14.965395068384625,44454.0,46429.0
2961,2016,11377,656272.0,90883.0,37.3,51675.0,24382.0,13601.0,14.965395068384625,44454.0,46429.0
2962,2016,11377,663322.0,90883.0,37.3,51675.0,24382.0,13601.0,14.965395068384625,44454.0,46429.0
2963,2016,11377,681750.0,90883.0,37.3,51675.0,24382.0,13601.0,14.965395068384625,44454.0,46429.0
2964,2016,11377,708511.0,90883.0,37.3,51675.0,24382.0,13601.0,14.965395068384625,44454.0,46429.0
2965,2016,11378,787583.0,33270.0,38.3,61631.0,31093.0,3569.0,10.727382025849113,24882.0,8388.0
2966,2016,11378,815333.0,33270.0,38.3,61631.0,31093.0,3569.0,10.727382025849113,24882.0,8388.0
2967,2016,11378,864164.0,33270.0,38.3,61631.0,31093.0,3569.0,10.727382025849113,24882.0,8388.0
2968,2016,11378,922988.0,33270.0,38.3,61631.0,31093.0,3569.0,10.727382025849113,24882.0,8388.0
2969,2016,11378,998982.0,33270.0,38.3,61631.0,31093.0,3569.0,10.727382025849113,24882.0,8388.0
2970,2016,11379,151373.0,36082.0,43.3,75320.0,34291.0,3103.0,8.599855883820188,29305.0,6777.0
2971,2016,11379,153161.0,36082.0,43.3,75320.0,34291.0,3103.0,8.599855883820188,29305.0,6777.0
2972,2016,11379,151100.0,36082.0,43.3,75320.0,34291.0,3103.0,8.599855883820188,29305.0,6777.0
2973,2016,11379,165269.0,36082.0,43.3,75320.0,34291.0,3103.0,8.599855883820188,29305.0,6777.0
2974,2016,11379,179406.0,36082.0,43.3,75320.0,34291.0,3103.0,8.599855883820188,29305.0,6777.0
2975,2016,11385,568852.0,103372.0,35.3,60526.0,26235.0,14743.0,14.262082575552373,85096.0,18276.0
2976,2016,11385,569986.0,103372.0,35.3,60526.0,26235.0,14743.0,14.262082575552373,85096.0,18276.0
2977,2016,11385,546522.0,103372.0,35.3,60526.0,26235.0,14743.0,14.262082575552373,85096.0,18276.0
2978,2016,11385,576272.0,103372.0,35.3,60526.0,26235.0,14743.0,14.262082575552373,85096.0,18276.0
2979,2016,11385,614938.0,103372.0,35.3,60526.0,26235.0,14743.0,14.262082575552373,85096.0,18276.0
2980,2016,11411,37730.0,19300.0,44.0,81678.0,31490.0,696.0,3.6062176165803113,438.0,18862.0
2981,2016,11411,34530.0,19300.0,44.0,81678.0,31490.0,696.0,3.6062176165803113,438.0,18862.0
2982,2016,11411,40077.0,19300.0,44.0,81678.0,31490.0,696.0,3.6062176165803113,438.0,18862.0
2983,2016,11411,40640.0,19300.0,44.0,81678.0,31490.0,696.0,3.6062176165803113,438.0,18862.0
2984,2016,11411,48142.0,19300.0,44.0,81678.0,31490.0,696.0,3.6062176165803113,438.0,18862.0
2985,2016,11412,41697.0,37802.0,39.3,71995.0,26554.0,3518.0,9.306385905507645,856.0,36946.0
2986,2016,11412,46424.0,37802.0,39.3,71995.0,26554.0,3518.0,9.306385905507645,856.0,36946.0
2987,2016,11412,48274.0,37802.0,39.3,71995.0,26554.0,3518.0,9.306385905507645,856.0,36946.0
2988,2016,11412,51561.0,37802.0,39.3,71995.0,26554.0,3518.0,9.306385905507645,856.0,36946.0
2989,2016,11412,52375.0,37802.0,39.3,71995.0,26554.0,3518.0,9.306385905507645,856.0,36946.0
2990,2016,11413,193675.0,42699.0,38.4,80758.0,29548.0,2971.0,6.958008384271294,1013.0,41686.0
2991,2016,11413,201910.0,42699.0,38.4,80758.0,29548.0,2971.0,6.958008384271294,1013.0,41686.0
2992,2016,11413,231936.0,42699.0,38.4,80758.0,29548.0,2971.0,6.958008384271294,1013.0,41686.0
2993,2016,11413,251420.0,42699.0,38.4,80758.0,29548.0,2971.0,6.958008384271294,1013.0,41686.0
2994,2016,11413,264057.0,42699.0,38.4,80758.0,29548.0,2971.0,6.958008384271294,1013.0,41686.0
2995,2016,11414,88793.0,28247.0,45.1,70490.0,35737.0,2998.0,10.613516479626156,22442.0,5805.0
2996,2016,11414,91356.0,28247.0,45.1,70490.0,35737.0,2998.0,10.613516479626156,22442.0,5805.0
2997,2016,11414,97198.0,28247.0,45.1,70490.0,35737.0,2998.0,10.613516479626156,22442.0,5805.0
2998,2016,11414,101386.0,28247.0,45.1,70490.0,35737.0,2998.0,10.613516479626156,22442.0,5805.0
2999,2016,11414,101299.0,28247.0,45.1,70490.0,35737.0,2998.0,10.613516479626156,22442.0,5805.0
3000,2016,11415,130915.0,19308.0,38.0,64055.0,37190.0,2330.0,12.067536772322354,11576.0,7732.0
3001,2016,11415,142028.0,19308.0,38.0,64055.0,37190.0,2330.0,12.067536772322354,11576.0,7732.0
3002,2016,11415,151886.0,19308.0,38.0,64055.0,37190.0,2330.0,12.067536772322354,11576.0,7732.0
3003,2016,11415,186097.0,19308.0,38.0,64055.0,37190.0,2330.0,12.067536772322354,11576.0,7732.0
3004,2016,11415,166667.0,19308.0,38.0,64055.0,37190.0,2330.0,12.067536772322354,11576.0,7732.0
3005,2016,11416,359625.0,27144.0,35.0,59092.0,20772.0,4518.0,16.644562334217508,7582.0,19562.0
3006,2016,11416,340229.0,27144.0,35.0,59092.0,20772.0,4518.0,16.644562334217508,7582.0,19562.0
3008,2016,11416,408180.0,27144.0,35.0,59092.0,20772.0,4518.0,16.644562334217508,7582.0,19562.0
3009,2016,11416,404168.0,27144.0,35.0,59092.0,20772.0,4518.0,16.644562334217508,7582.0,19562.0
3010,2016,11417,99429.0,31742.0,36.8,66978.0,24586.0,4792.0,15.096717283094954,12044.0,19698.0
3011,2016,11417,109585.0,31742.0,36.8,66978.0,24586.0,4792.0,15.096717283094954,12044.0,19698.0
3012,2016,11417,116957.0,31742.0,36.8,66978.0,24586.0,4792.0,15.096717283094954,12044.0,19698.0
3013,2016,11417,130939.0,31742.0,36.8,66978.0,24586.0,4792.0,15.096717283094954,12044.0,19698.0
3014,2016,11417,124099.0,31742.0,36.8,66978.0,24586.0,4792.0,15.096717283094954,12044.0,19698.0
3015,2016,11418,577857.0,39908.0,33.9,63079.0,22888.0,6534.0,16.37265711135612,15643.0,24265.0
3016,2016,11418,551009.0,39908.0,33.9,63079.0,22888.0,6534.0,16.37265711135612,15643.0,24265.0
3017,2016,11418,571898.0,39908.0,33.9,63079.0,22888.0,6534.0,16.37265711135612,15643.0,24265.0
3018,2016,11418,602776.0,39908.0,33.9,63079.0,22888.0,6534.0,16.37265711135612,15643.0,24265.0
3019,2016,11418,617748.0,39908.0,33.9,63079.0,22888.0,6534.0,16.37265711135612,15643.0,24265.0
3020,2016,11419,89867.0,51642.0,36.2,62014.0,21095.0,8196.0,15.870802834901824,6074.0,45568.0
3021,2016,11419,90374.0,51642.0,36.2,62014.0,21095.0,8196.0,15.870802834901824,6074.0,45568.0
3022,2016,11419,102116.0,51642.0,36.2,62014.0,21095.0,8196.0,15.870802834901824,6074.0,45568.0
3023,2016,11419,104912.0,51642.0,36.2,62014.0,21095.0,8196.0,15.870802834901824,6074.0,45568.0
3024,2016,11419,110254.0,51642.0,36.2,62014.0,21095.0,8196.0,15.870802834901824,6074.0,45568.0
3025,2016,11420,121257.0,50549.0,36.8,61484.0,22303.0,7017.0,13.881580248867435,8854.0,41695.0
3026,2016,11420,129056.0,50549.0,36.8,61484.0,22303.0,7017.0,13.881580248867435,8854.0,41695.0
3027,2016,11420,159755.0,50549.0,36.8,61484.0,22303.0,7017.0,13.881580248867435,8854.0,41695.0
3028,2016,11420,165575.0,50549.0,36.8,61484.0,22303.0,7017.0,13.881580248867435,8854.0,41695.0
3029,2016,11420,160457.0,50549.0,36.8,61484.0,22303.0,7017.0,13.881580248867435,8854.0,41695.0
3030,2016,11421,57808.0,43341.0,36.1,64544.0,24385.0,5545.0,12.79389031171408,20987.0,22354.0
3031,2016,11421,63200.0,43341.0,36.1,64544.0,24385.0,5545.0,12.79389031171408,20987.0,22354.0
3032,2016,11421,62850.0,43341.0,36.1,64544.0,24385.0,5545.0,12.79389031171408,20987.0,22354.0
3033,2016,11421,72231.0,43341.0,36.1,64544.0,24385.0,5545.0,12.79389031171408,20987.0,22354.0
3034,2016,11421,67476.0,43341.0,36.1,64544.0,24385.0,5545.0,12.79389031171408,20987.0,22354.0
3035,2016,11422,83691.0,33408.0,36.1,85436.0,29361.0,2576.0,7.7107279693486594,2213.0,31195.0
3036,2016,11422,86679.0,33408.0,36.1,85436.0,29361.0,2576.0,7.7107279693486594,2213.0,31195.0
3037,2016,11422,81768.0,33408.0,36.1,85436.0,29361.0,2576.0,7.7107279693486594,2213.0,31195.0
3038,2016,11422,94334.0,33408.0,36.1,85436.0,29361.0,2576.0,7.7107279693486594,2213.0,31195.0
3039,2016,11422,98802.0,33408.0,36.1,85436.0,29361.0,2576.0,7.7107279693486594,2213.0,31195.0
3040,2016,11423,105244.0,31823.0,39.9,66070.0,26984.0,3138.0,9.860792508562987,4461.0,27362.0
3041,2016,11423,103772.0,31823.0,39.9,66070.0,26984.0,3138.0,9.860792508562987,4461.0,27362.0
3042,2016,11423,105852.0,31823.0,39.9,66070.0,26984.0,3138.0,9.860792508562987,4461.0,27362.0
3043,2016,11423,112199.0,31823.0,39.9,66070.0,26984.0,3138.0,9.860792508562987,4461.0,27362.0
3044,2016,11423,114966.0,31823.0,39.9,66070.0,26984.0,3138.0,9.860792508562987,4461.0,27362.0
3055,2016,11426,60520.0,19991.0,37.9,77487.0,29886.0,2123.0,10.619778900505226,8298.0,11693.0
3056,2016,11426,57303.0,19991.0,37.9,77487.0,29886.0,2123.0,10.619778900505226,8298.0,11693.0
3057,2016,11426,60281.0,19991.0,37.9,77487.0,29886.0,2123.0,10.619778900505226,8298.0,11693.0
3058,2016,11426,63758.0,19991.0,37.9,77487.0,29886.0,2123.0,10.619778900505226,8298.0,11693.0
3059,2016,11426,66912.0,19991.0,37.9,77487.0,29886.0,2123.0,10.619778900505226,8298.0,11693.0
3063,2016,11427,121716.0,22941.0,42.0,65494.0,31036.0,2112.0,9.20622466326664,6458.0,16483.0
3064,2016,11427,123027.0,22941.0,42.0,65494.0,31036.0,2112.0,9.20622466326664,6458.0,16483.0
3065,2016,11428,63214.0,19736.0,39.8,68675.0,23558.0,2058.0,10.427644912849617,4457.0,15279.0
3066,2016,11428,68384.0,19736.0,39.8,68675.0,23558.0,2058.0,10.427644912849617,4457.0,15279.0
3067,2016,11428,74211.0,19736.0,39.8,68675.0,23558.0,2058.0,10.427644912849617,4457.0,15279.0
3068,2016,11428,69022.0,19736.0,39.8,68675.0,23558.0,2058.0,10.427644912849617,4457.0,15279.0
3069,2016,11428,76762.0,19736.0,39.8,68675.0,23558.0,2058.0,10.427644912849617,4457.0,15279.0
3070,2016,11429,88456.0,26739.0,39.4,77037.0,25988.0,3201.0,11.971277908672723,1163.0,25576.0
3071,2016,11429,99723.0,26739.0,39.4,77037.0,25988.0,3201.0,11.971277908672723,1163.0,25576.0
3072,2016,11429,102394.0,26739.0,39.4,77037.0,25988.0,3201.0,11.971277908672723,1163.0,25576.0
3073,2016,11429,112797.0,26739.0,39.4,77037.0,25988.0,3201.0,11.971277908672723,1163.0,25576.0
3074,2016,11429,127707.0,26739.0,39.4,77037.0,25988.0,3201.0,11.971277908672723,1163.0,25576.0
3080,2016,11432,544359.0,64686.0,35.2,52277.0,22656.0,11418.0,17.65142380113162,14659.0,50027.0
3081,2016,11432,549826.0,64686.0,35.2,52277.0,22656.0,11418.0,17.65142380113162,14659.0,50027.0
3082,2016,11432,565627.0,64686.0,35.2,52277.0,22656.0,11418.0,17.65142380113162,14659.0,50027.0
3083,2016,11432,613316.0,64686.0,35.2,52277.0,22656.0,11418.0,17.65142380113162,14659.0,50027.0
3084,2016,11432,626130.0,64686.0,35.2,52277.0,22656.0,11418.0,17.65142380113162,14659.0,50027.0
3085,2016,11433,183199.0,34703.0,33.6,45820.0,19682.0,6524.0,18.799527418378812,1480.0,33223.0
3086,2016,11433,171202.0,34703.0,33.6,45820.0,19682.0,6524.0,18.799527418378812,1480.0,33223.0
3087,2016,11433,159125.0,34703.0,33.6,45820.0,19682.0,6524.0,18.799527418378812,1480.0,33223.0
3088,2016,11433,175702.0,34703.0,33.6,45820.0,19682.0,6524.0,18.799527418378812,1480.0,33223.0
3089,2016,11433,179948.0,34703.0,33.6,45820.0,19682.0,6524.0,18.799527418378812,1480.0,33223.0
3090,2016,11434,461016.0,66279.0,36.6,57454.0,24044.0,7675.0,11.579836750705352,1839.0,64440.0
3091,2016,11434,472236.0,66279.0,36.6,57454.0,24044.0,7675.0,11.579836750705352,1839.0,64440.0
3092,2016,11434,505969.0,66279.0,36.6,57454.0,24044.0,7675.0,11.579836750705352,1839.0,64440.0
3093,2016,11434,513994.0,66279.0,36.6,57454.0,24044.0,7675.0,11.579836750705352,1839.0,64440.0
3094,2016,11434,533030.0,66279.0,36.6,57454.0,24044.0,7675.0,11.579836750705352,1839.0,64440.0
3095,2016,11435,257002.0,57627.0,35.8,55268.0,24100.0,10246.0,17.77986013500616,11556.0,46071.0
3096,2016,11435,286138.0,57627.0,35.8,55268.0,24100.0,10246.0,17.77986013500616,11556.0,46071.0
3097,2016,11435,315989.0,57627.0,35.8,55268.0,24100.0,10246.0,17.77986013500616,11556.0,46071.0
3098,2016,11435,337931.0,57627.0,35.8,55268.0,24100.0,10246.0,17.77986013500616,11556.0,46071.0
3099,2016,11435,335695.0,57627.0,35.8,55268.0,24100.0,10246.0,17.77986013500616,11556.0,46071.0
3100,2016,11436,27226.0,20136.0,35.7,66837.0,24118.0,2611.0,12.966825586015098,1463.0,18673.0
3101,2016,11436,26568.0,20136.0,35.7,66837.0,24118.0,2611.0,12.966825586015098,1463.0,18673.0
3102,2016,11436,30719.0,20136.0,35.7,66837.0,24118.0,2611.0,12.966825586015098,1463.0,18673.0
3103,2016,11436,31635.0,20136.0,35.7,66837.0,24118.0,2611.0,12.966825586015098,1463.0,18673.0
3104,2016,11436,33746.0,20136.0,35.7,66837.0,24118.0,2611.0,12.966825586015098,1463.0,18673.0
3110,2016,11691,332139.0,64946.0,31.9,41190.0,18914.0,14548.0,22.400147815107932,24927.0,40019.0
3111,2016,11691,318880.0,64946.0,31.9,41190.0,18914.0,14548.0,22.400147815107932,24927.0,40019.0
3112,2016,11691,334972.0,64946.0,31.9,41190.0,18914.0,14548.0,22.400147815107932,24927.0,40019.0
3113,2016,11691,345774.0,64946.0,31.9,41190.0,18914.0,14548.0,22.400147815107932,24927.0,40019.0
3114,2016,11691,367992.0,64946.0,31.9,41190.0,18914.0,14548.0,22.400147815107932,24927.0,40019.0
3115,2016,11692,50989.0,19403.0,35.2,42333.0,21298.0,4368.0,22.51198268309025,5028.0,14375.0
3116,2016,11692,49564.0,19403.0,35.2,42333.0,21298.0,4368.0,22.51198268309025,5028.0,14375.0
3117,2016,11692,53964.0,19403.0,35.2,42333.0,21298.0,4368.0,22.51198268309025,5028.0,14375.0
3118,2016,11692,58676.0,19403.0,35.2,42333.0,21298.0,4368.0,22.51198268309025,5028.0,14375.0
3119,2016,11692,60780.0,19403.0,35.2,42333.0,21298.0,4368.0,22.51198268309025,5028.0,14375.0
3120,2016,11693,35819.0,12021.0,40.6,53829.0,28079.0,1992.0,16.571000748689794,6911.0,5110.0
3121,2016,11693,36078.0,12021.0,40.6,53829.0,28079.0,1992.0,16.571000748689794,6911.0,5110.0
3122,2016,11693,38904.0,12021.0,40.6,53829.0,28079.0,1992.0,16.571000748689794,6911.0,5110.0
3123,2016,11693,43309.0,12021.0,40.6,53829.0,28079.0,1992.0,16.571000748689794,6911.0,5110.0
3124,2016,11693,49180.0,12021.0,40.6,53829.0,28079.0,1992.0,16.571000748689794,6911.0,5110.0
3125,2016,11694,77181.0,21219.0,46.1,79145.0,41019.0,1364.0,6.428201140487299,17345.0,3874.0
3126,2016,11694,76652.0,21219.0,46.1,79145.0,41019.0,1364.0,6.428201140487299,17345.0,3874.0
3127,2016,11694,77551.0,21219.0,46.1,79145.0,41019.0,1364.0,6.428201140487299,17345.0,3874.0
3128,2016,11694,82136.0,21219.0,46.1,79145.0,41019.0,1364.0,6.428201140487299,17345.0,3874.0
3129,2016,11694,83790.0,21219.0,46.1,79145.0,41019.0,1364.0,6.428201140487299,17345.0,3874.0
3133,2016,11697,14045.0,3928.0,47.5,100909.0,46604.0,168.0,4.2769857433808545,3776.0,152.0
3134,2016,11697,16467.0,3928.0,47.5,100909.0,46604.0,168.0,4.2769857433808545,3776.0,152.0
